,index,sub_ind,PID,date,stimset_rows,total_trials,nplanned_trialIDs,npresented_trialIDs,planned_trialIDs_all,presented_trialIDs_all,subtlety,subtlety_sorted,pred_color,pred_pos,responses,agents_type,strategy,feedback
0,0,15000,6106b17736d5140741ee5e8a,12,0,48,7,7,"['07cdb9d7-6577-428d-9498-8a7243527554', '0ea51ff3-f8ac-4d29-a981-0a167d74909c', 'cca827ad-af9d-4cfd-ae71-7e028e3f8520', '06f1dd04-cfbc-433c-9833-32cdb01c0683', 'b7261f19-79df-4505-b935-0cb890ebda9c', '5744f837-93bf-4eba-bddf-e630dedf974e', '4bc5af99-ede5-49ec-a929-d4fc6fae9b43']","['07cdb9d7-6577-428d-9498-8a7243527554', 'b7261f19-79df-4505-b935-0cb890ebda9c', '5744f837-93bf-4eba-bddf-e630dedf974e', '4bc5af99-ede5-49ec-a929-d4fc6fae9b43', '0ea51ff3-f8ac-4d29-a981-0a167d74909c', 'cca827ad-af9d-4cfd-ae71-7e028e3f8520', '06f1dd04-cfbc-433c-9833-32cdb01c0683']","[0, 120, 150, 180, 30, 60, 90]","[0, 30, 60, 90, 120, 150, 180]","['grey', 'grey', 'black', 'black', 'black', 'black', 'grey']","[250, 550, 550, 550, 250, 550, 250]","['grey dot following black dot', 'moving towards the left', 'moving upwards random shapes', 'moving largely in line up and down', 'black dot following grey dot', 'black dot following grey dot', 'grey dot following black dot']",animals,trying to see patterns in behaviour,no
1,1,15001,6316270236b53462f94c6f0c,12,1,48,7,7,"['53613c0d-b07e-4b22-b6ec-56dda26edc8f', '17e4063d-b2f1-4406-8a8f-be7151fd23c1', '8d9b8961-4fb1-4413-b875-966e01b9963a', '22162d51-e2bc-4fd2-af29-7d21f36eca1d', '6480385b-e9eb-45a9-88e3-aade6c90476d', '10a07293-2c74-4b8a-bbef-b0f436cde5fb', '7bee52f4-919b-4633-b742-a0181f5f7f01']","['17e4063d-b2f1-4406-8a8f-be7151fd23c1', '7bee52f4-919b-4633-b742-a0181f5f7f01', '22162d51-e2bc-4fd2-af29-7d21f36eca1d', '6480385b-e9eb-45a9-88e3-aade6c90476d', '10a07293-2c74-4b8a-bbef-b0f436cde5fb', '8d9b8961-4fb1-4413-b875-966e01b9963a', '53613c0d-b07e-4b22-b6ec-56dda26edc8f']","[30, 180, 90, 120, 150, 60, 0]","[0, 30, 60, 90, 120, 150, 180]","['black', 'grey', 'black', 'black', 'grey', 'black', 'grey']","[550, 250, 250, 550, 550, 550, 250]","['A black dot seemed to follow a grey dot from center right to lower left.', 'A grey dot and black dot appeared to move around the screen without any certain direction.', 'A black dot appeared to trace the path of the grey dot from left to right.', 'A grey dot moved in circles while the black dot appeared to bounce around.', 'A grey dot moved erratically from right to left, a black dot moved erratically from left to right.', ""A grey dot appeared to move away from a black dot, slowed and allowed for the black dot to catch up before continuing on it's path."", 'A grey dot appeared to chase or follow a black dot right and then up.']",children,I pretended that the dots had some sentient capabilities and were able to act and react on their own.,N/A
2,2,15002,61099e438a2f56f2770b7cd2,12,2,48,7,7,"['19c65966-3d88-4851-afe4-ae34c498748c', '69cbd581-b3e6-4aa9-8cc0-319380d1e9ce', 'adf2a5c5-86f0-4a90-976a-f3fdfdf528fc', '7d6cad69-203a-49a4-9c6e-b0423a669e50', '87b8564c-7590-4001-b1e8-6f26c4e4bf8a', '2a1ab94f-201b-4fa2-9947-1eab7365fb0f', '802575f0-631d-4eeb-9e49-3b401b11b953']","['19c65966-3d88-4851-afe4-ae34c498748c', 'adf2a5c5-86f0-4a90-976a-f3fdfdf528fc', '802575f0-631d-4eeb-9e49-3b401b11b953', '69cbd581-b3e6-4aa9-8cc0-319380d1e9ce', '7d6cad69-203a-49a4-9c6e-b0423a669e50', '87b8564c-7590-4001-b1e8-6f26c4e4bf8a', '2a1ab94f-201b-4fa2-9947-1eab7365fb0f']","[0, 60, 180, 30, 90, 120, 150]","[0, 30, 60, 90, 120, 150, 180]","['grey', 'grey', 'black', 'black', 'grey', 'grey', 'black']","[550, 250, 550, 250, 550, 250, 250]","['the black dot seemed to be running away from the gray one', 'the gray dot was following the black dot from a distance', 'they were both going in somewhat circular movements somewhat far from each other', 'the black dot was following the gray dot', 'they looked like they were going to collide, but they both went to the left with some distance between them', 'the dots were on their own separate paths but looked like they were about to collide', 'the gray dot was going in a circle while the black dot was going up and down until they started going toward each other']",children,i watched if the dots were following the same patterns,no
3,3,15003,60de1d590358b86167255a80,12,3,48,7,7,"['c188e383-94d7-475e-9da5-6d1f0a1184bb', '57dbdc86-9c49-4214-a908-c4a254e90229', '85aa46c9-fe72-469c-a4cd-96f72ab4ccba', '68c0fec8-cf83-48bf-8079-a5f414fe7504', '7da9ad01-3df5-45e9-8edf-4af0795536e1', '18487641-212a-4e1e-8730-31709d721382', '00ccc21a-d63a-41eb-8d3b-a2315d7b0d3e']","['18487641-212a-4e1e-8730-31709d721382', '57dbdc86-9c49-4214-a908-c4a254e90229', 'c188e383-94d7-475e-9da5-6d1f0a1184bb', '85aa46c9-fe72-469c-a4cd-96f72ab4ccba', '00ccc21a-d63a-41eb-8d3b-a2315d7b0d3e', '7da9ad01-3df5-45e9-8edf-4af0795536e1', '68c0fec8-cf83-48bf-8079-a5f414fe7504']","[150, 30, 0, 60, 180, 120, 90]","[0, 30, 60, 90, 120, 150, 180]","['grey', 'grey', 'black', 'black', 'grey', 'black', 'black']","[250, 550, 250, 550, 550, 250, 250]","['Grey dot was moving similarly to a snake. Black dot was the same but at a slower pace', 'Grey dot was following the black dot', 'Black dot was following the grey dot', 'black dot was following the grey dot', 'both dots going around in random circles', 'Both had completely random movements', 'Dots looked like they were in sync at first, then they became closer together']",something else (describe on the next page),I observed both dots to see if they were making similar movements. Also observed the distance between the dots,Interesting 
4,4,15004,641a19d78805c5e3e319826d,12,6,48,7,7,"['49e5ac90-6e7f-4243-9552-8c4c10545895', 'c53236a2-f564-41ec-89aa-2bd90765b0a4', '35fbacfe-f7fd-45d5-9266-5f6631809d11', 'c7f85153-52e8-4379-839f-9596d6a3ee62', '5d69d5c8-83dd-43c4-be85-f1c2ff45960d', '7e113c5d-92b4-4c01-9588-dae0fb76eb5f', '4a6f7598-dc16-47d6-987e-a48c1f938428']","['5d69d5c8-83dd-43c4-be85-f1c2ff45960d', '7e113c5d-92b4-4c01-9588-dae0fb76eb5f', '35fbacfe-f7fd-45d5-9266-5f6631809d11', '49e5ac90-6e7f-4243-9552-8c4c10545895', 'c53236a2-f564-41ec-89aa-2bd90765b0a4', '4a6f7598-dc16-47d6-987e-a48c1f938428', 'c7f85153-52e8-4379-839f-9596d6a3ee62']","[120, 150, 60, 0, 30, 180, 90]","[0, 30, 60, 90, 120, 150, 180]","['grey', 'black', 'black', 'black', 'black', 'grey', 'grey']","[550, 250, 250, 550, 250, 250, 550]","['Black dot is moving on the left, grey on the right', 'Black was zigzagging. grey was moving in circles', 'Black moved diagnonally grey in circles', 'Black moved from right to left chasing the grey', 'Black moved from left to right chasing the grey', 'grey moved in circles black from top to bottom', 'bothmoved randomly']",balls,no,no
5,5,15005,63bd9a90d634fa1afd33b430,13,11,48,7,7,"['72e764e1-0b34-4efd-96db-5df7934b2395', 'a4bd654a-f8f1-44b4-907f-0114e1caa391', '3273fde2-4b65-4cc7-b9b3-ef2604e8a514', '1841b8a9-ff1d-481d-80de-2134f2461e8b', 'a68cb7dc-2812-45a9-b8f6-862ff43630fb', '4270e833-4dad-483f-85cb-3dee1fccc571', '70f615a0-31d5-42b9-a44b-f5746c0b41a8']","['a68cb7dc-2812-45a9-b8f6-862ff43630fb', '72e764e1-0b34-4efd-96db-5df7934b2395', '4270e833-4dad-483f-85cb-3dee1fccc571', 'a4bd654a-f8f1-44b4-907f-0114e1caa391', '70f615a0-31d5-42b9-a44b-f5746c0b41a8', '1841b8a9-ff1d-481d-80de-2134f2461e8b', '3273fde2-4b65-4cc7-b9b3-ef2604e8a514']","[120, 0, 150, 30, 180, 90, 60]","[0, 30, 60, 90, 120, 150, 180]","['grey', 'grey', 'grey', 'black', 'black', 'grey', 'grey']","[550, 550, 550, 550, 250, 250, 550]","['Black dot was minding its business, the grey dot was trying to spy on the black one', 'Black dot was being chased by the grey one', 'Each dot has its own agenda, they are not aware of each other', 'the black dot is chasing the grey one', 'both dots meet by accident, they are not interested in each other', 'the grey dot is spying on the black one, the grey dot does not feel confident', 'the grey dot discvered the black one and now it is running after it']",balls,trying to imagine them being playful children,"no, everything seem clear to me"
6,6,15006,5fb997d62e675a62d4512560,13,12,48,7,7,"['9dfa52b0-9e95-49de-bddb-e53316f2b4ae', '17e4063d-b2f1-4406-8a8f-be7151fd23c1', '7b3797d6-d4cc-4819-b3ad-adfd144217e2', 'c7f85153-52e8-4379-839f-9596d6a3ee62', 'b7261f19-79df-4505-b935-0cb890ebda9c', '7e113c5d-92b4-4c01-9588-dae0fb76eb5f', '12a3cd27-040f-4199-9edb-5cd4bb71b3d0']","['9dfa52b0-9e95-49de-bddb-e53316f2b4ae', 'c7f85153-52e8-4379-839f-9596d6a3ee62', 'b7261f19-79df-4505-b935-0cb890ebda9c', '7b3797d6-d4cc-4819-b3ad-adfd144217e2', '12a3cd27-040f-4199-9edb-5cd4bb71b3d0', '17e4063d-b2f1-4406-8a8f-be7151fd23c1', '7e113c5d-92b4-4c01-9588-dae0fb76eb5f']","[0, 90, 120, 60, 180, 30, 150]","[0, 30, 60, 90, 120, 150, 180]","['grey', 'grey', 'grey', 'grey', 'black', 'black', 'black']","[550, 550, 550, 250, 250, 550, 250]","['It seemed like the Grey dot was trying to chase the black dot', 'They slowly floated toward each other but seemed hesitant to touch and kept going seperate', 'Grey dot was slowly floating towards the black on again and the black one was moving to the left', 'Both went toward each other then the black dot started to move right so the Grey followed.', 'Both just seemed to float in the middle and then one moved upward and one down', 'Black dot moved toward the Grey and the Grey was trying to get away from it so moved downwards', 'One stayed in the middle while the other decided to go towards the bottom of the box']",magnets,No i didnt really have a strategy in mind.,This task was fun in all fairness. Thanks.
7,7,15007,6689497574f64ae752e01b6d,13,13,48,7,7,"['47505654-05f0-4b92-a9a3-978c80bda46b', '0b80e3d6-cded-42b9-b7ff-67c9cdbcb3c5', '35fbacfe-f7fd-45d5-9266-5f6631809d11', '7d6cad69-203a-49a4-9c6e-b0423a669e50', '94a4e86e-f727-4ed5-85c3-c9ab9c1c8e73', '1247c2a3-9c1a-478d-ad2b-6640715d76a4', '4a6f7598-dc16-47d6-987e-a48c1f938428']","['35fbacfe-f7fd-45d5-9266-5f6631809d11', '4a6f7598-dc16-47d6-987e-a48c1f938428', '0b80e3d6-cded-42b9-b7ff-67c9cdbcb3c5', '7d6cad69-203a-49a4-9c6e-b0423a669e50', '1247c2a3-9c1a-478d-ad2b-6640715d76a4', '47505654-05f0-4b92-a9a3-978c80bda46b', '94a4e86e-f727-4ed5-85c3-c9ab9c1c8e73']","[60, 180, 30, 90, 150, 0, 120]","[0, 30, 60, 90, 120, 150, 180]","['black', 'grey', 'grey', 'grey', 'black', 'black', 'black']","[250, 250, 550, 550, 250, 550, 250]","['chasing ', 'moving on their own', 'dancing', 'playing a game together', 'both individually lost', 'lighter dot is being pressured by dark one', 'light dot is unaware of black dot']",children,was looking to see if their movements were in effect of eachother,N/A was quite cute to watch the dots
8,8,15008,5a68cddb31b87a0001c75534,13,21,48,7,7,"['07cdb9d7-6577-428d-9498-8a7243527554', 'c6499c88-e947-4ab5-8cde-3013da4d084f', '91659665-5079-44c4-96c1-49da784170fa', '16088d09-c11d-4b03-8c77-f92a33554c1e', '5d84c995-f49b-42d0-bf89-eb7f4bfcb1d4', '14f7fa8d-a7a5-4171-bdbf-8a076fb08d9c', '00ccc21a-d63a-41eb-8d3b-a2315d7b0d3e']","['c6499c88-e947-4ab5-8cde-3013da4d084f', '07cdb9d7-6577-428d-9498-8a7243527554', '14f7fa8d-a7a5-4171-bdbf-8a076fb08d9c', '16088d09-c11d-4b03-8c77-f92a33554c1e', '5d84c995-f49b-42d0-bf89-eb7f4bfcb1d4', '00ccc21a-d63a-41eb-8d3b-a2315d7b0d3e', '91659665-5079-44c4-96c1-49da784170fa']","[30, 0, 150, 90, 120, 180, 60]","[0, 30, 60, 90, 120, 150, 180]","['grey', 'grey', 'black', 'black', 'black', 'grey', 'grey']","[250, 250, 550, 550, 250, 550, 250]","['grey dot chasing black dot', 'grey sot following black dot', 'rolling around', 'black dot followng grey dot', 'floating to the right top corner', 'moving away from each other', 'grey follwoing black']",balls,no,no
9,9,15009,6665904b0e63103ee5dd67e4,13,10,48,7,7,"['47505654-05f0-4b92-a9a3-978c80bda46b', 'c6499c88-e947-4ab5-8cde-3013da4d084f', 'a7fd07d1-e946-43a4-882d-0b3b7882ed21', '89ce6bb6-b2cb-44cb-ba57-d78ab0224625', '1bc0b0c8-e058-4a68-bdab-65b544a8848d', '1247c2a3-9c1a-478d-ad2b-6640715d76a4', '124f53c2-90c6-4716-8221-e86088f8d257']","['1247c2a3-9c1a-478d-ad2b-6640715d76a4', 'a7fd07d1-e946-43a4-882d-0b3b7882ed21', '1bc0b0c8-e058-4a68-bdab-65b544a8848d', '47505654-05f0-4b92-a9a3-978c80bda46b', '124f53c2-90c6-4716-8221-e86088f8d257', 'c6499c88-e947-4ab5-8cde-3013da4d084f', '89ce6bb6-b2cb-44cb-ba57-d78ab0224625']","[150, 60, 120, 0, 180, 30, 90]","[0, 30, 60, 90, 120, 150, 180]","['black', 'grey', 'grey', 'black', 'grey', 'grey', 'black']","[250, 550, 250, 550, 250, 250, 550]","['They were moving in circles far away from each other.', 'The white dot was following the black dot which was moving away from it.', 'The grey dot seemed to be following the black dot from a distance.', 'The black dot was following the grey dot in a beeline.', 'They were staying an equal distance apart from each other while moving in a similar pattern.', 'The grey dot was making a beeline towards the black dot and the black dot was moving away from it.', 'They seemed to be keeping an equal distance from each other.']",magnets,I took notice of the distance between the balls to see how they reacted to each other.,None.
10,10,15010,5cc04e795069bb0013dc1a54,13,17,48,7,7,"['72e764e1-0b34-4efd-96db-5df7934b2395', 'a4bd654a-f8f1-44b4-907f-0114e1caa391', '804f9681-f112-463c-a764-a40a823d6845', '22162d51-e2bc-4fd2-af29-7d21f36eca1d', '9996b324-9da6-4bd7-a5d5-305513d257ce', '275adee0-f228-423e-816a-e5e70b874bf3', '4bc5af99-ede5-49ec-a929-d4fc6fae9b43']","['9996b324-9da6-4bd7-a5d5-305513d257ce', '275adee0-f228-423e-816a-e5e70b874bf3', '804f9681-f112-463c-a764-a40a823d6845', '4bc5af99-ede5-49ec-a929-d4fc6fae9b43', 'a4bd654a-f8f1-44b4-907f-0114e1caa391', '72e764e1-0b34-4efd-96db-5df7934b2395', '22162d51-e2bc-4fd2-af29-7d21f36eca1d']","[120, 150, 60, 180, 30, 0, 90]","[0, 30, 60, 90, 120, 150, 180]","['grey', 'grey', 'black', 'black', 'black', 'grey', 'black']","[250, 250, 250, 550, 550, 550, 250]","['Moving like incets on water or small cells', 'One bouced off the wall', 'black dot chased yje white one, white one moved away', 'Just moving in circles', 'Black dot following white dot', 'Black dot being chased by white dot', 'white dot moving away from black dot. But balck dot not chaseing white.']",animals,No,Intesting study
11,11,15011,5ea1b9b07b0f2508e3f7b36e,13,15,48,7,7,"['c188e383-94d7-475e-9da5-6d1f0a1184bb', '0ea51ff3-f8ac-4d29-a981-0a167d74909c', '3273fde2-4b65-4cc7-b9b3-ef2604e8a514', 'a8c7fb1b-9db5-4f8f-a05c-2ea241668e0f', '3d2cbd5f-05d3-4457-8c01-5b302d4c5de7', '18487641-212a-4e1e-8730-31709d721382', '2176e0c4-bf6c-4f4a-a64b-23825205a150']","['18487641-212a-4e1e-8730-31709d721382', '2176e0c4-bf6c-4f4a-a64b-23825205a150', '3d2cbd5f-05d3-4457-8c01-5b302d4c5de7', '0ea51ff3-f8ac-4d29-a981-0a167d74909c', 'c188e383-94d7-475e-9da5-6d1f0a1184bb', '3273fde2-4b65-4cc7-b9b3-ef2604e8a514', 'a8c7fb1b-9db5-4f8f-a05c-2ea241668e0f']","[150, 180, 120, 30, 0, 60, 90]","[0, 30, 60, 90, 120, 150, 180]","['grey', 'grey', 'black', 'black', 'black', 'grey', 'grey']","[250, 550, 550, 250, 250, 550, 250]","['To begin with moving to the bottom left then going in different directions, seemed to be repelled from each other a little at the end', 'Moving in a sort of circular way to begin with, joined together and then went in opposite directions', 'The black dot was moving closer to the grey dot whilst the grey dot moved randomly and then moved away from the black dot', 'The black dot moved toward the grey dot and after closing a certain distance the grey dot moved away from the black', 'Again the black dot moved toward the grey dot which moved to get away from the black dot', 'The grey dot moved toward the black, the black seemed to be moving to its own pattern at first but started moving away from the grey after it closed a certain distance', 'Both dots moved semi randomly but toward the end the grey dot moved toward the black']",children,"Not really, just focused on the video and wrote what came to mind",n/a
12,12,15012,5c7a7dd7665aaa0001309bf0,13,21,48,7,7,"['07cdb9d7-6577-428d-9498-8a7243527554', 'c6499c88-e947-4ab5-8cde-3013da4d084f', '91659665-5079-44c4-96c1-49da784170fa', '16088d09-c11d-4b03-8c77-f92a33554c1e', '5d84c995-f49b-42d0-bf89-eb7f4bfcb1d4', '14f7fa8d-a7a5-4171-bdbf-8a076fb08d9c', '00ccc21a-d63a-41eb-8d3b-a2315d7b0d3e']","['16088d09-c11d-4b03-8c77-f92a33554c1e', '5d84c995-f49b-42d0-bf89-eb7f4bfcb1d4', '07cdb9d7-6577-428d-9498-8a7243527554', '00ccc21a-d63a-41eb-8d3b-a2315d7b0d3e', 'c6499c88-e947-4ab5-8cde-3013da4d084f', '14f7fa8d-a7a5-4171-bdbf-8a076fb08d9c', '91659665-5079-44c4-96c1-49da784170fa']","[90, 120, 0, 180, 30, 150, 60]","[0, 30, 60, 90, 120, 150, 180]","['black', 'black', 'grey', 'grey', 'grey', 'black', 'grey']","[550, 250, 250, 550, 250, 550, 250]","['The black dot approaches the grey dot to the left, then they start to move towards the left wavering', 'The black dot moved in an erratic way to the right where as the grey dot wavered about the right side of the box', 'The grey dot approached the black dot and both curved in a downwards sweep to the bottom of the box', 'Box black and gray dots approached and then seem to tbe repelled away from one another', 'The grey dot approached the black dot and both moved towards the top right corner', 'Both dots stayed cenrally however the black dot slowly approached the grey dot', 'Both the black and grey dot seemed to be drawn towards the top right corner']",magnets,they did resemble balls but acted like magnets,I hve nothing further to add
13,13,15013,6583627ea0cb41561b8e522a,13,14,48,7,7,"['75182d69-6502-4d35-9298-e331061c7829', '9093ecfa-6a76-4110-b88c-dd9330281781', '8d9b8961-4fb1-4413-b875-966e01b9963a', '1841b8a9-ff1d-481d-80de-2134f2461e8b', 'a68cb7dc-2812-45a9-b8f6-862ff43630fb', '2a1ab94f-201b-4fa2-9947-1eab7365fb0f', '70f615a0-31d5-42b9-a44b-f5746c0b41a8']","['75182d69-6502-4d35-9298-e331061c7829', '8d9b8961-4fb1-4413-b875-966e01b9963a', '2a1ab94f-201b-4fa2-9947-1eab7365fb0f', '70f615a0-31d5-42b9-a44b-f5746c0b41a8', 'a68cb7dc-2812-45a9-b8f6-862ff43630fb', '9093ecfa-6a76-4110-b88c-dd9330281781', '1841b8a9-ff1d-481d-80de-2134f2461e8b']","[0, 60, 150, 180, 120, 30, 90]","[0, 30, 60, 90, 120, 150, 180]","['grey', 'black', 'black', 'black', 'grey', 'grey', 'grey']","[250, 550, 250, 250, 550, 550, 250]","['the grey dot was chasing the black dot', 'the black dot was chasing the grey dot', 'they were playful', 'they were playing ', 'Both dots were playing', 'The grey dot seems to be chasing the black dot', 'Both dots seems to be playing together']",children,none,no
14,14,15014,669038b13e852687aaf4a1cb,13,16,48,7,7,"['19c65966-3d88-4851-afe4-ae34c498748c', '0a730462-ba50-4dbe-97c6-911f61a40346', '85aa46c9-fe72-469c-a4cd-96f72ab4ccba', '06f1dd04-cfbc-433c-9833-32cdb01c0683', '87b8564c-7590-4001-b1e8-6f26c4e4bf8a', '5744f837-93bf-4eba-bddf-e630dedf974e', '0ea53c63-8350-4a50-8dec-ccbbf0e401dc']","['87b8564c-7590-4001-b1e8-6f26c4e4bf8a', '0a730462-ba50-4dbe-97c6-911f61a40346', '5744f837-93bf-4eba-bddf-e630dedf974e', '0ea53c63-8350-4a50-8dec-ccbbf0e401dc', '19c65966-3d88-4851-afe4-ae34c498748c', '06f1dd04-cfbc-433c-9833-32cdb01c0683', '85aa46c9-fe72-469c-a4cd-96f72ab4ccba']","[120, 30, 150, 180, 0, 90, 60]","[0, 30, 60, 90, 120, 150, 180]","['grey', 'grey', 'black', 'black', 'grey', 'grey', 'black']","[250, 250, 550, 550, 550, 250, 550]","['moving around but slightly closer and closer with each move towards each other while going downward ', 'the grey dot was following the black dot at a consistent distance between the two.  ', 'they looked like they were drawn closer to each other , the grey one pulling closer to the black one but it looked as if a force was bouncing the grey one off the black dot ', 'the grey dot was moving at the top of the page and the black one was mimicking its moved but at the equal distance it started with ', 'the grey dot was moving closer to the black dot, as they reached a distance, the dot did not move any closer but mimicked the moves of the other one ', 'the dot first moved closer to each other, then one was following the other one while gaining distance on the other one', 'the dots moved closer together , but then gaining distance back as they moved upwards on the screen, following each other closely with a near coalition ']",magnets,"i was trying to figure out the pattern of the dots but it all happens so fast , it was a difficult task ",n/a
15,15,15015,66921dd9f8e4de298758c407,13,23,48,7,7,"['49e5ac90-6e7f-4243-9552-8c4c10545895', '57dbdc86-9c49-4214-a908-c4a254e90229', 'cca827ad-af9d-4cfd-ae71-7e028e3f8520', '89ce6bb6-b2cb-44cb-ba57-d78ab0224625', '6480385b-e9eb-45a9-88e3-aade6c90476d', '4270e833-4dad-483f-85cb-3dee1fccc571', '7bee52f4-919b-4633-b742-a0181f5f7f01']","['6480385b-e9eb-45a9-88e3-aade6c90476d', '4270e833-4dad-483f-85cb-3dee1fccc571', 'cca827ad-af9d-4cfd-ae71-7e028e3f8520', '49e5ac90-6e7f-4243-9552-8c4c10545895', '7bee52f4-919b-4633-b742-a0181f5f7f01', '89ce6bb6-b2cb-44cb-ba57-d78ab0224625', '57dbdc86-9c49-4214-a908-c4a254e90229']","[120, 150, 60, 0, 180, 90, 30]","[0, 30, 60, 90, 120, 150, 180]","['black', 'grey', 'black', 'black', 'grey', 'black', 'grey']","[550, 550, 550, 550, 250, 550, 550]","['black dot moving left gray dot moving right', 'gray following black black moving away from gray', 'black dot chasing gray dot gray moving toward corner', 'black chasseing dray dot', 'black dot going towards right corner gray dot moving toward black', 'black dot mving up and down and foward gray moving toward right side', 'gray dot chaseing black dot']",balls,tried to focuses on both dots,great task it kept me on my toes
16,16,15016,668d4b0098a6446ea3206093,13,25,48,7,7,"['19c65966-3d88-4851-afe4-ae34c498748c', '0b80e3d6-cded-42b9-b7ff-67c9cdbcb3c5', '804f9681-f112-463c-a764-a40a823d6845', '1d4805c2-68cf-415b-af2f-f7c0564b59aa', '1bc0b0c8-e058-4a68-bdab-65b544a8848d', '10a07293-2c74-4b8a-bbef-b0f436cde5fb', '00139b14-fa60-4af8-9eba-0b4965060c34']","['19c65966-3d88-4851-afe4-ae34c498748c', '1bc0b0c8-e058-4a68-bdab-65b544a8848d', '10a07293-2c74-4b8a-bbef-b0f436cde5fb', '0b80e3d6-cded-42b9-b7ff-67c9cdbcb3c5', '1d4805c2-68cf-415b-af2f-f7c0564b59aa', '804f9681-f112-463c-a764-a40a823d6845', '00139b14-fa60-4af8-9eba-0b4965060c34']","[0, 120, 150, 30, 90, 60, 180]","[0, 30, 60, 90, 120, 150, 180]","['grey', 'grey', 'grey', 'grey', 'black', 'black', 'black']","[550, 250, 550, 550, 550, 250, 250]","['The white dot is chasing after the black dot', 'The dots a moving up and down on different sides of the screen', 'The dots are moving away from each other', 'The white dot is trying to get close to the black dot', 'The black dot is trying to get close to the white dot', 'The black dot is chasing the white dot', 'The dots seems to want to attack each other but on one wants to make the first move']",animals,Yes ,The task was insighful
17,17,15017,63db4729f84d0a54952e8c0d,13,19,48,7,7,"['37b0c4a3-57d4-4b4a-9bf7-e4d2eb48cee6', 'c53236a2-f564-41ec-89aa-2bd90765b0a4', 'a7fd07d1-e946-43a4-882d-0b3b7882ed21', '1d4805c2-68cf-415b-af2f-f7c0564b59aa', '7da9ad01-3df5-45e9-8edf-4af0795536e1', '10a07293-2c74-4b8a-bbef-b0f436cde5fb', '124f53c2-90c6-4716-8221-e86088f8d257']","['124f53c2-90c6-4716-8221-e86088f8d257', 'c53236a2-f564-41ec-89aa-2bd90765b0a4', '1d4805c2-68cf-415b-af2f-f7c0564b59aa', '7da9ad01-3df5-45e9-8edf-4af0795536e1', 'a7fd07d1-e946-43a4-882d-0b3b7882ed21', '10a07293-2c74-4b8a-bbef-b0f436cde5fb', '37b0c4a3-57d4-4b4a-9bf7-e4d2eb48cee6']","[180, 30, 90, 120, 60, 150, 0]","[0, 30, 60, 90, 120, 150, 180]","['grey', 'black', 'black', 'black', 'grey', 'grey', 'black']","[250, 250, 550, 250, 550, 550, 250]","['The dots were moving in curvy lines - perhaps drawing or writing? ', 'It seems as if the black dot was approaching the gray dot, and the gray dot was moving away from it, though not urgently.', 'the dots were moving toward the top left corner of the screen.', 'I mostly saw what the black dot was doing, and I think it was writing or drawing: its movements seemed precise.', 'The dots are moving toward the top of the screen. The gray dot is following the black dot.', 'the two dots seem to each be taking a side of the same picture to draw.', 'The gray dot and the black dot approach each other so that the gray dot can lead the black dot. After they meet, the gray dot leads the black dot to the top right of the box.']",animals,"I tried to watch carefully to determine whether they dots were writing, and trying to tell which letters they were tracing. But, there wasn't enough time in each animation to accomplish that.",I am really curious about what the dots were *really* doing! I like those little dots.
18,18,15018,666240b5860c05fcca83b1f5,13,20,48,7,7,"['53613c0d-b07e-4b22-b6ec-56dda26edc8f', 'cf5e29cd-eacd-4164-96d2-05de1fad88ba', 'adf2a5c5-86f0-4a90-976a-f3fdfdf528fc', '68c0fec8-cf83-48bf-8079-a5f414fe7504', '987cd79f-7d6a-426b-8983-8bee8675f0ba', '9c46112a-3307-42b7-8386-bdf38ba679af', '802575f0-631d-4eeb-9e49-3b401b11b953']","['9c46112a-3307-42b7-8386-bdf38ba679af', '53613c0d-b07e-4b22-b6ec-56dda26edc8f', 'cf5e29cd-eacd-4164-96d2-05de1fad88ba', '987cd79f-7d6a-426b-8983-8bee8675f0ba', 'adf2a5c5-86f0-4a90-976a-f3fdfdf528fc', '68c0fec8-cf83-48bf-8079-a5f414fe7504', '802575f0-631d-4eeb-9e49-3b401b11b953']","[150, 0, 30, 120, 60, 90, 180]","[0, 30, 60, 90, 120, 150, 180]","['grey', 'grey', 'black', 'black', 'grey', 'black', 'black']","[250, 250, 550, 550, 250, 250, 550]","['THE TWO DOT WHERE MOVING CLOSE TO EACH OTHER  BUT AVIODING COLLISION', 'THE GREY DOT WAS AFTER THE BLACK DOT AND MOVING TOWARDS THE RIGHT SIDE OF THE SCREEN', 'BLACK DOT MOVING AFTER THE GREY DOT TOWARDS THE LEFT SIDE CORNER OF THE SCREEN', 'BOTH DOTS MOVING TO THR BOTTOM OF THE SCREEN', 'GREY DOT AFTER BLACK DOT AND MOVING TOWARD THE RIGHT HAND UPPER CORNER OF THE SCREEN', 'BOTH DOTS AT THE CENTER OF THE SCREEN', 'BOTH DOTS ARE FA APART FROM EACH OTHER']",magnets,NO,YES
19,19,15019,61689e97b9e34c104e425921,13,26,48,7,7,"['816e0a69-dfb6-4a6f-8ffe-97d092e27835', '17e4063d-b2f1-4406-8a8f-be7151fd23c1', 'adf2a5c5-86f0-4a90-976a-f3fdfdf528fc', '16088d09-c11d-4b03-8c77-f92a33554c1e', '9996b324-9da6-4bd7-a5d5-305513d257ce', '275adee0-f228-423e-816a-e5e70b874bf3', '4bc5af99-ede5-49ec-a929-d4fc6fae9b43']","['4bc5af99-ede5-49ec-a929-d4fc6fae9b43', '17e4063d-b2f1-4406-8a8f-be7151fd23c1', '275adee0-f228-423e-816a-e5e70b874bf3', '16088d09-c11d-4b03-8c77-f92a33554c1e', 'adf2a5c5-86f0-4a90-976a-f3fdfdf528fc', '816e0a69-dfb6-4a6f-8ffe-97d092e27835', '9996b324-9da6-4bd7-a5d5-305513d257ce']","[180, 30, 150, 90, 60, 0, 120]","[0, 30, 60, 90, 120, 150, 180]","['black', 'black', 'grey', 'black', 'grey', 'black', 'grey']","[550, 550, 250, 550, 250, 550, 250]","['the dots were floating, they began to go in small circles upwards then floated downwards', 'the dots went to the left and it seemed as if the darker dot was chasing the other', 'the black dot bounced off the side, the grey dot was going around in a small square in the middle', 'the dots were moving towards each other then away then together again', 'the lighter dot chased the black dot into the upper right hand corner of the box', 'the grey dot started off moving on its own then moved down to the bottom left, the black dot followed it', 'the grey dot did small movements, the black dot did big ones']",animals,tried to think of each dot as an individual rather than as a whole picture,n/a
20,20,15020,66925cd43773ef328cdde980,13,23,48,7,7,"['49e5ac90-6e7f-4243-9552-8c4c10545895', '57dbdc86-9c49-4214-a908-c4a254e90229', 'cca827ad-af9d-4cfd-ae71-7e028e3f8520', '89ce6bb6-b2cb-44cb-ba57-d78ab0224625', '6480385b-e9eb-45a9-88e3-aade6c90476d', '4270e833-4dad-483f-85cb-3dee1fccc571', '7bee52f4-919b-4633-b742-a0181f5f7f01']","['4270e833-4dad-483f-85cb-3dee1fccc571', '57dbdc86-9c49-4214-a908-c4a254e90229', '7bee52f4-919b-4633-b742-a0181f5f7f01', '49e5ac90-6e7f-4243-9552-8c4c10545895', '6480385b-e9eb-45a9-88e3-aade6c90476d', '89ce6bb6-b2cb-44cb-ba57-d78ab0224625', 'cca827ad-af9d-4cfd-ae71-7e028e3f8520']","[150, 30, 180, 0, 120, 90, 60]","[0, 30, 60, 90, 120, 150, 180]","['grey', 'grey', 'grey', 'black', 'black', 'black', 'black']","[550, 550, 250, 550, 550, 550, 550]","['Black was doing longer movement whilst grey was snake like and quite jittery', 'Both dots were moving in the same path', 'Grey stayed in one position circling whilst black was moving irregular', 'Black moving in one direct to the left, gret circling before moving in the same direction as black', 'Circular motions before moving direction', 'Grey went in an upwards trajectory smoothly, black was snaked across the screen', 'Grey had smooth movement compared to black as had no idea where to move to next']",magnets,I used speed and trajectory,I would have liked more information on what you're trying to represent and what affect this has the brain.
21,21,15021,57307b0030a5560010ec7ed0,13,28,48,7,7,"['c188e383-94d7-475e-9da5-6d1f0a1184bb', '0ea51ff3-f8ac-4d29-a981-0a167d74909c', 'cca827ad-af9d-4cfd-ae71-7e028e3f8520', 'ceedd529-39a5-4c29-8103-d6ac89521de6', '5d69d5c8-83dd-43c4-be85-f1c2ff45960d', '4270e833-4dad-483f-85cb-3dee1fccc571', '4a6f7598-dc16-47d6-987e-a48c1f938428']","['5d69d5c8-83dd-43c4-be85-f1c2ff45960d', 'c188e383-94d7-475e-9da5-6d1f0a1184bb', 'ceedd529-39a5-4c29-8103-d6ac89521de6', '4a6f7598-dc16-47d6-987e-a48c1f938428', '4270e833-4dad-483f-85cb-3dee1fccc571', '0ea51ff3-f8ac-4d29-a981-0a167d74909c', 'cca827ad-af9d-4cfd-ae71-7e028e3f8520']","[120, 0, 90, 180, 150, 30, 60]","[0, 30, 60, 90, 120, 150, 180]","['grey', 'black', 'grey', 'grey', 'grey', 'black', 'black']","[550, 250, 550, 250, 550, 250, 550]","['moving around the screen', 'the black dot was following the grey dot', 'grey dot is chasing the black dot', 'randomly moving dots keeping a distance', 'big gap between moving dots', 'black dot chasing grey dot', 'black dot still chasing grey dot']",magnets,no,no
22,22,15022,641360128819aafb7156e25e,13,32,48,7,7,"['9dfa52b0-9e95-49de-bddb-e53316f2b4ae', 'c6499c88-e947-4ab5-8cde-3013da4d084f', 'a7fd07d1-e946-43a4-882d-0b3b7882ed21', '22162d51-e2bc-4fd2-af29-7d21f36eca1d', 'a68cb7dc-2812-45a9-b8f6-862ff43630fb', '5744f837-93bf-4eba-bddf-e630dedf974e', '12a3cd27-040f-4199-9edb-5cd4bb71b3d0']","['9dfa52b0-9e95-49de-bddb-e53316f2b4ae', 'a7fd07d1-e946-43a4-882d-0b3b7882ed21', 'a68cb7dc-2812-45a9-b8f6-862ff43630fb', '22162d51-e2bc-4fd2-af29-7d21f36eca1d', 'c6499c88-e947-4ab5-8cde-3013da4d084f', '5744f837-93bf-4eba-bddf-e630dedf974e', '12a3cd27-040f-4199-9edb-5cd4bb71b3d0']","[0, 60, 120, 90, 30, 150, 180]","[0, 30, 60, 90, 120, 150, 180]","['grey', 'grey', 'grey', 'black', 'grey', 'black', 'black']","[550, 550, 550, 250, 250, 550, 250]","['The dark dot was evading and the light dot was chasing', 'I think the light dot was chasing the dark dot', 'The dots were moving on the screen', 'The dots were moving on the screen not touching each other', 'The light dot appeared to be chasing the dark dot', 'The dots were moving on the screen independently from each other', 'The dots were moving on the screen, light dot made a circle']",something else (describe on the next page),"Just paying full attention to the screen, no distractions",It was unclear what the dots were representing
23,23,15023,5ded76922911274376e38065,13,31,48,7,7,"['47505654-05f0-4b92-a9a3-978c80bda46b', 'c53236a2-f564-41ec-89aa-2bd90765b0a4', '3273fde2-4b65-4cc7-b9b3-ef2604e8a514', '7d6cad69-203a-49a4-9c6e-b0423a669e50', '94a4e86e-f727-4ed5-85c3-c9ab9c1c8e73', '1247c2a3-9c1a-478d-ad2b-6640715d76a4', '7bee52f4-919b-4633-b742-a0181f5f7f01']","['7d6cad69-203a-49a4-9c6e-b0423a669e50', '3273fde2-4b65-4cc7-b9b3-ef2604e8a514', 'c53236a2-f564-41ec-89aa-2bd90765b0a4', '94a4e86e-f727-4ed5-85c3-c9ab9c1c8e73', '1247c2a3-9c1a-478d-ad2b-6640715d76a4', '7bee52f4-919b-4633-b742-a0181f5f7f01', '47505654-05f0-4b92-a9a3-978c80bda46b']","[90, 60, 30, 120, 150, 180, 0]","[0, 30, 60, 90, 120, 150, 180]","['grey', 'grey', 'black', 'black', 'black', 'grey', 'black']","[550, 550, 250, 250, 250, 250, 550]","['The gray dot was moving to the left. The black one moved right then left.', 'The gray dot moved down to the left. The black dot went in a bit of a circle before going down to the left.', 'Both dots moved down to the right. The gray dot went in a more squiggly and not straight pattern though.', 'The black dot moved up and down. The gray dot went in a little bit of a circle and then down.', 'The gray dot went in clockwise circles. The black dot went up and down repeatedly, but generally was moving up.', 'The black dot moved up to the top of the screen and went in small circles once it reached the top. The gray dot moved in circles on the lefthand side of the screen.', 'The black dot moved to the left of the screen. The gray dot moved to the left, upwards and in a circle.']",balls,I noticed I mostly paid attention to the gray ball first. I would observe that one and then once I understood its motion I would focus more on the black ball.,No
24,24,15024,606329e226c033022f5c102f,13,34,48,7,7,"['37b0c4a3-57d4-4b4a-9bf7-e4d2eb48cee6', 'a4bd654a-f8f1-44b4-907f-0114e1caa391', '7b3797d6-d4cc-4819-b3ad-adfd144217e2', '06f1dd04-cfbc-433c-9833-32cdb01c0683', '987cd79f-7d6a-426b-8983-8bee8675f0ba', '18487641-212a-4e1e-8730-31709d721382', '27771508-6d61-4618-83ca-4bc020efddfe']","['06f1dd04-cfbc-433c-9833-32cdb01c0683', '987cd79f-7d6a-426b-8983-8bee8675f0ba', '37b0c4a3-57d4-4b4a-9bf7-e4d2eb48cee6', '18487641-212a-4e1e-8730-31709d721382', 'a4bd654a-f8f1-44b4-907f-0114e1caa391', '27771508-6d61-4618-83ca-4bc020efddfe', '7b3797d6-d4cc-4819-b3ad-adfd144217e2']","[90, 120, 0, 150, 30, 180, 60]","[0, 30, 60, 90, 120, 150, 180]","['grey', 'black', 'black', 'grey', 'black', 'grey', 'grey']","[250, 550, 250, 250, 550, 550, 250]","['It felt like the grey dot was chasing the black dot to the bottom right of the screen', 'The dots approached each other but the gray dot retreated', 'The dots approached each other and then the black dot chased the gray dot', 'The dots moved along the screen pretty much independent of one another', 'Black dot seemed to chase the gray dot', 'The dots moved on the screen, black dot kept to the left side and gray dot to the right', 'Gray dot seemed to chase the black dot']",adults,"No, just paid attention to the dots",Interesting that I felt compelled to humanize the dots
25,25,15025,6547dab69e862939e8ddad0f,13,37,48,7,7,"['49e5ac90-6e7f-4243-9552-8c4c10545895', '31932267-3908-4599-ba56-ba5043757838', 'a7fd07d1-e946-43a4-882d-0b3b7882ed21', '42ffed3d-edac-4ca7-9b33-6f525cb7c364', '87b8564c-7590-4001-b1e8-6f26c4e4bf8a', '10a07293-2c74-4b8a-bbef-b0f436cde5fb', '12a3cd27-040f-4199-9edb-5cd4bb71b3d0']","['a7fd07d1-e946-43a4-882d-0b3b7882ed21', '31932267-3908-4599-ba56-ba5043757838', '12a3cd27-040f-4199-9edb-5cd4bb71b3d0', '42ffed3d-edac-4ca7-9b33-6f525cb7c364', '87b8564c-7590-4001-b1e8-6f26c4e4bf8a', '49e5ac90-6e7f-4243-9552-8c4c10545895', '10a07293-2c74-4b8a-bbef-b0f436cde5fb']","[60, 30, 180, 90, 120, 0, 150]","[0, 30, 60, 90, 120, 150, 180]","['grey', 'grey', 'black', 'black', 'grey', 'black', 'grey']","[550, 250, 250, 250, 250, 550, 550]","['the grey dot followed the black dot slowly upwards towards the top left corner', 'the dots approached eachother before the black dot backed off and they moved towards the top right corner', 'both dots moved in the circular motion away from eachother', 'the dots approached eachother before the grey dot backed off and the black dot followed', 'both dots moved inwards and slightly down', 'the black dot followed the grey dot', 'the dots slightly circled the centre']",something else (describe on the next page),the dots didnt move in a specific pattern linked to any of the options on the former screen,No feedback
26,26,15026,611a2d6b9cd83e6361195a4a,13,27,48,7,7,"['49e5ac90-6e7f-4243-9552-8c4c10545895', '57dbdc86-9c49-4214-a908-c4a254e90229', '85aa46c9-fe72-469c-a4cd-96f72ab4ccba', '89ce6bb6-b2cb-44cb-ba57-d78ab0224625', '87b8564c-7590-4001-b1e8-6f26c4e4bf8a', '7e113c5d-92b4-4c01-9588-dae0fb76eb5f', '124f53c2-90c6-4716-8221-e86088f8d257']","['57dbdc86-9c49-4214-a908-c4a254e90229', '85aa46c9-fe72-469c-a4cd-96f72ab4ccba', '124f53c2-90c6-4716-8221-e86088f8d257', '49e5ac90-6e7f-4243-9552-8c4c10545895', '87b8564c-7590-4001-b1e8-6f26c4e4bf8a', '89ce6bb6-b2cb-44cb-ba57-d78ab0224625', '7e113c5d-92b4-4c01-9588-dae0fb76eb5f']","[30, 60, 180, 0, 120, 90, 150]","[0, 30, 60, 90, 120, 150, 180]","['grey', 'black', 'grey', 'black', 'grey', 'black', 'black']","[550, 550, 250, 550, 250, 550, 250]","['the two dots moved closer to each other, then the grey dot started following the direction that the black dot was moving to', 'This time the black dot was following the grey dot', 'the two dots were moving around at a medium distance to each other, sometimes the grey dot was moving towards the black to and at other times the black dot was moving towards the grey. each time a dot was trying to move close the other was moving away.', 'the grey dot moved a bit in a specific area, then the black dot moved directly towards the grey dot and kept following it persistently.', 'the grey dot was moving at a slow pace, the black dot was moving faster and seemed to be gradually moving closer to the grey dot', 'the grey dot moved immediately away from the black dot. the black dot seemed to be moving closer to the grey dot but slowly and not aggressively.', 'The two dots seemed to be moving randomly and sepparatetly to each other within their own areas. they each had a different speed and pace.']",adults,I observed the dots and focused on how they movements related to each other.,"It was a very interesting task, kept my attention and would like to know more about the experiement."
27,27,15027,6400d916e410c86255a45836,13,35,48,7,7,"['72e764e1-0b34-4efd-96db-5df7934b2395', '9093ecfa-6a76-4110-b88c-dd9330281781', '35fbacfe-f7fd-45d5-9266-5f6631809d11', '68c0fec8-cf83-48bf-8079-a5f414fe7504', '7da9ad01-3df5-45e9-8edf-4af0795536e1', '9c46112a-3307-42b7-8386-bdf38ba679af', '802575f0-631d-4eeb-9e49-3b401b11b953']","['9093ecfa-6a76-4110-b88c-dd9330281781', '68c0fec8-cf83-48bf-8079-a5f414fe7504', '35fbacfe-f7fd-45d5-9266-5f6631809d11', '72e764e1-0b34-4efd-96db-5df7934b2395', '802575f0-631d-4eeb-9e49-3b401b11b953', '9c46112a-3307-42b7-8386-bdf38ba679af', '7da9ad01-3df5-45e9-8edf-4af0795536e1']","[30, 90, 60, 0, 180, 150, 120]","[0, 30, 60, 90, 120, 150, 180]","['grey', 'black', 'black', 'grey', 'black', 'grey', 'black']","[550, 250, 250, 550, 550, 250, 250]","['The black dot looked like it wanted to get away, but the grey dot bee-lined for it and kept trying to get close.', ""The grey dot didn't do much, but the black dot bee-lined for it and meet up with it."", 'The dots were moving towards each other, but when they got close the grey dot tried to move away while the black dot followed.', 'The grey dot bee-lined to the black dot and then followed it. Black dot moved away, but slowly in no rush.', 'The dots stayed in their own zones and circled around some, no movement towards each other.', 'The dots moved around their zones, but wandered into each other after some time.', 'The dots were doing their own thing, but when grey dot got too close to black dot it started to move away from black dot.']",something else (describe on the next page),I tended to give them personalities and reasons for their movements.,"It was unclear what was wanted after the test video. Wasn't sure if we needed to describe the test movements or acknowledge we understood the information present (ex. like saying we understood we needed to describe since that was the informing page). Also, unsure if the dots were meant to be anything. I didn't think so so I said 'something else' thinking I'll be saying what next page and next page was something unrelated. Just would have said 'they were just dots'. "
28,28,15028,65d82b2a787c93c5ba4dc4ae,13,30,48,7,7,"['53613c0d-b07e-4b22-b6ec-56dda26edc8f', '69cbd581-b3e6-4aa9-8cc0-319380d1e9ce', '8d9b8961-4fb1-4413-b875-966e01b9963a', 'c7f85153-52e8-4379-839f-9596d6a3ee62', '6480385b-e9eb-45a9-88e3-aade6c90476d', '99fed5db-be9d-4d5f-8fef-1baaad5f1b70', '70f615a0-31d5-42b9-a44b-f5746c0b41a8']","['70f615a0-31d5-42b9-a44b-f5746c0b41a8', '8d9b8961-4fb1-4413-b875-966e01b9963a', '69cbd581-b3e6-4aa9-8cc0-319380d1e9ce', '6480385b-e9eb-45a9-88e3-aade6c90476d', '99fed5db-be9d-4d5f-8fef-1baaad5f1b70', '53613c0d-b07e-4b22-b6ec-56dda26edc8f', 'c7f85153-52e8-4379-839f-9596d6a3ee62']","[180, 60, 30, 120, 150, 0, 90]","[0, 30, 60, 90, 120, 150, 180]","['black', 'black', 'black', 'black', 'grey', 'grey', 'grey']","[250, 550, 250, 550, 550, 250, 550]","['The dots were sort of wiggling(?) towards one another before going up and keeping a distance between them.', 'The black dot was sort of chasing the grey dot. The black dot was actively approaching the grey one and the grey one would sort of back off.', 'Black dot is chasing the grey dot again in this one. Except this time instead of the chase leading to the left, they went to the right.', 'It was like a wary fight between the two dots. It looked as if the black one was on defense while the grey one was looking for an opening to attack.', ""Now the grey one is sort of chasing the black one. Once again it looks like some wary defense is coming from the black dot as it stands on guard trying to anticipate the grey dot's moves."", ""Grey dot is chasing the black dot. The black dot gets it's back to the wall and continues to back away."", 'Black dot is backing off. The grey dot is approaching, but slowly. Sort of in a calculating way?']",animals,I focused on the manner of how the balls reacted to one another to describe their actions.,None.
29,29,15029,5faabf015d179148d09aa825,13,29,48,7,7,"['75182d69-6502-4d35-9298-e331061c7829', '0a730462-ba50-4dbe-97c6-911f61a40346', '249089b6-ef6d-4ddb-973d-6d7b9d53baf8', '1841b8a9-ff1d-481d-80de-2134f2461e8b', '3d2cbd5f-05d3-4457-8c01-5b302d4c5de7', '14f7fa8d-a7a5-4171-bdbf-8a076fb08d9c', '0ea53c63-8350-4a50-8dec-ccbbf0e401dc']","['14f7fa8d-a7a5-4171-bdbf-8a076fb08d9c', '1841b8a9-ff1d-481d-80de-2134f2461e8b', '0a730462-ba50-4dbe-97c6-911f61a40346', '75182d69-6502-4d35-9298-e331061c7829', '3d2cbd5f-05d3-4457-8c01-5b302d4c5de7', '0ea53c63-8350-4a50-8dec-ccbbf0e401dc', '249089b6-ef6d-4ddb-973d-6d7b9d53baf8']","[150, 90, 30, 0, 120, 180, 60]","[0, 30, 60, 90, 120, 150, 180]","['black', 'grey', 'grey', 'grey', 'black', 'black', 'black']","[550, 250, 250, 250, 550, 550, 250]","['the gray dot did a circle and then went down and up in a right hook shape, the black dot moved a little to the left and right bouncing slightly up and down as it was moving. the grey dot was on the left side and the black dot was on the right side.', ""the grey dot moved up and down to the right in a consistant motion of moving downwards before nearly hitting the black dot. The black dot did a circular motion before beginning to move upward with it's path seeming to be about to cross with the grey dot"", 'the grey dot appeared to be making a consistent motion towards the black dot as is mimiced its motion traveling towards it. the black dot did a circular motion and then began moving away from the grey dot to the right before traveling upwards on the right side of the box', ""the grey dot made a consistant motion towards the black dot. the black dot appears to have been moving in a circle before 'seeing' the black dot and moving away from it to the right"", 'the grey dot bounced slightly as it moved down to the left before moving up, the black dot moved to the left somewhat bouncing as it went', 'the grey dot made a somewhat figure of eight motion around the left side of the box and the black dot move in a sort of hooked shape nearing the grey dot in the center of the box', ""the black dot appeared to be moving to the top right corner of the box before 'spotting' the grey dot and following it to the top of the box. The grey dot apeared to be moving to the top center of the box before 'seeing' the grey dot and going to the top right and circling around to the top centre""]",animals,I tried to figure out the patterns or shapes that the movements of the dots were performing to better decribe their movements,Nope
30,30,15030,5ea7009676be5a09f0a68b21,15,40,48,7,7,"['75182d69-6502-4d35-9298-e331061c7829', 'a4bd654a-f8f1-44b4-907f-0114e1caa391', '7b3797d6-d4cc-4819-b3ad-adfd144217e2', '16088d09-c11d-4b03-8c77-f92a33554c1e', '9996b324-9da6-4bd7-a5d5-305513d257ce', '5744f837-93bf-4eba-bddf-e630dedf974e', '802575f0-631d-4eeb-9e49-3b401b11b953']","['802575f0-631d-4eeb-9e49-3b401b11b953', 'a4bd654a-f8f1-44b4-907f-0114e1caa391', '9996b324-9da6-4bd7-a5d5-305513d257ce', '5744f837-93bf-4eba-bddf-e630dedf974e', '7b3797d6-d4cc-4819-b3ad-adfd144217e2', '16088d09-c11d-4b03-8c77-f92a33554c1e', '75182d69-6502-4d35-9298-e331061c7829']","[180, 30, 120, 150, 60, 90, 0]","[0, 30, 60, 90, 120, 150, 180]","['black', 'black', 'grey', 'black', 'grey', 'black', 'grey']","[550, 550, 250, 550, 250, 550, 250]","['moving together', 'black was following white', 'moving near each other', 'getting closer to each other', 'white was following black', 'black was following white', 'flowing around']",magnets,no,no
31,31,15031,60353a112b8be90521fdc7e8,15,41,48,7,7,"['53613c0d-b07e-4b22-b6ec-56dda26edc8f', 'cf5e29cd-eacd-4164-96d2-05de1fad88ba', '8d9b8961-4fb1-4413-b875-966e01b9963a', '7d6cad69-203a-49a4-9c6e-b0423a669e50', '3d2cbd5f-05d3-4457-8c01-5b302d4c5de7', '18487641-212a-4e1e-8730-31709d721382', '7bee52f4-919b-4633-b742-a0181f5f7f01']","['8d9b8961-4fb1-4413-b875-966e01b9963a', 'cf5e29cd-eacd-4164-96d2-05de1fad88ba', '7d6cad69-203a-49a4-9c6e-b0423a669e50', '7bee52f4-919b-4633-b742-a0181f5f7f01', '18487641-212a-4e1e-8730-31709d721382', '3d2cbd5f-05d3-4457-8c01-5b302d4c5de7', '53613c0d-b07e-4b22-b6ec-56dda26edc8f']","[60, 30, 90, 180, 150, 120, 0]","[0, 30, 60, 90, 120, 150, 180]","['black', 'black', 'grey', 'grey', 'grey', 'black', 'grey']","[550, 550, 550, 250, 250, 550, 250]","['black dot following grey dot', 'both moving to upper left corner', 'moving towards the left hand side', 'no pattern this time', 'grey dot staying in same area black dot more free', 'moving in zig zag', 'moving to right hand side']",magnets,none,none
32,32,15032,5eb6e7a762e52e08971f044c,15,39,48,7,7,"['19c65966-3d88-4851-afe4-ae34c498748c', 'c6499c88-e947-4ab5-8cde-3013da4d084f', '804f9681-f112-463c-a764-a40a823d6845', '89ce6bb6-b2cb-44cb-ba57-d78ab0224625', '1bc0b0c8-e058-4a68-bdab-65b544a8848d', '14f7fa8d-a7a5-4171-bdbf-8a076fb08d9c', '00ccc21a-d63a-41eb-8d3b-a2315d7b0d3e']","['19c65966-3d88-4851-afe4-ae34c498748c', '89ce6bb6-b2cb-44cb-ba57-d78ab0224625', '1bc0b0c8-e058-4a68-bdab-65b544a8848d', '00ccc21a-d63a-41eb-8d3b-a2315d7b0d3e', '14f7fa8d-a7a5-4171-bdbf-8a076fb08d9c', 'c6499c88-e947-4ab5-8cde-3013da4d084f', '804f9681-f112-463c-a764-a40a823d6845']","[0, 90, 120, 180, 150, 30, 60]","[0, 30, 60, 90, 120, 150, 180]","['grey', 'black', 'grey', 'grey', 'black', 'grey', 'black']","[550, 550, 250, 550, 550, 250, 250]","['The lighter dot seemed to be chasing/following the darker dot', 'Both dots moving up and down but darker dot was following the lighter dot', 'Darker dot seemed to be moving faster with wider/longer paces across the screen', 'Dots were moving independantly almost in their own individual circles', 'Both dots making seperate random movements', 'Dark dot moved towards light dot then light followed the dark a short distance', 'dark dot moved towards light dot after light dot started to make circular movement']",balls,None,None
33,33,15033,5c31130c36c0d200016826dc,15,45,48,7,7,"['9dfa52b0-9e95-49de-bddb-e53316f2b4ae', '69cbd581-b3e6-4aa9-8cc0-319380d1e9ce', '35fbacfe-f7fd-45d5-9266-5f6631809d11', '1841b8a9-ff1d-481d-80de-2134f2461e8b', '7da9ad01-3df5-45e9-8edf-4af0795536e1', '99fed5db-be9d-4d5f-8fef-1baaad5f1b70', '2176e0c4-bf6c-4f4a-a64b-23825205a150']","['2176e0c4-bf6c-4f4a-a64b-23825205a150', '99fed5db-be9d-4d5f-8fef-1baaad5f1b70', '7da9ad01-3df5-45e9-8edf-4af0795536e1', '69cbd581-b3e6-4aa9-8cc0-319380d1e9ce', '9dfa52b0-9e95-49de-bddb-e53316f2b4ae', '35fbacfe-f7fd-45d5-9266-5f6631809d11', '1841b8a9-ff1d-481d-80de-2134f2461e8b']","[180, 150, 120, 30, 0, 60, 90]","[0, 30, 60, 90, 120, 150, 180]","['grey', 'grey', 'black', 'black', 'grey', 'black', 'grey']","[550, 550, 250, 250, 550, 250, 250]","['The dots were floating almost simultaneously following the same path but the black one wanted to catch the grey one. It was like they were playing tag', 'The grey dot was moving towards the black dot but getting lost on the way', 'They almost seemed to circle until the grey dot advanced toward the black dot then ran away', 'The black dot was chasing the grey dot', 'They grey dot was chasing the black dot which was frantically trying to get away', 'Looked like the black dot was chasing the grey dot again', 'Again it looked like one was chasing the other but the grey dot seemed to not be able to get to the black dot']",animals,"No, I just said what I saw and what came in to my imagination",No
34,34,15034,5e0e63b52b12bd5ae9a859eb,15,43,48,7,7,"['37b0c4a3-57d4-4b4a-9bf7-e4d2eb48cee6', '57dbdc86-9c49-4214-a908-c4a254e90229', '85aa46c9-fe72-469c-a4cd-96f72ab4ccba', 'a8c7fb1b-9db5-4f8f-a05c-2ea241668e0f', 'b7261f19-79df-4505-b935-0cb890ebda9c', '9c46112a-3307-42b7-8386-bdf38ba679af', '4bc5af99-ede5-49ec-a929-d4fc6fae9b43']","['85aa46c9-fe72-469c-a4cd-96f72ab4ccba', '9c46112a-3307-42b7-8386-bdf38ba679af', 'b7261f19-79df-4505-b935-0cb890ebda9c', '57dbdc86-9c49-4214-a908-c4a254e90229', '4bc5af99-ede5-49ec-a929-d4fc6fae9b43', 'a8c7fb1b-9db5-4f8f-a05c-2ea241668e0f', '37b0c4a3-57d4-4b4a-9bf7-e4d2eb48cee6']","[60, 150, 120, 30, 180, 90, 0]","[0, 30, 60, 90, 120, 150, 180]","['black', 'grey', 'grey', 'grey', 'black', 'grey', 'black']","[550, 250, 550, 550, 550, 250, 250]","['Hovering around, with the black dot slowly hovering closer to the grey dot', 'Both dots moving downwards slowly, with the grey dot hovering closer towards the black dot', 'Both dots moving towards the left slowly and not fully', 'both dots moving into the centre and then moving out to the left together', 'Both dots hovering parallel to each other in the central plane of the box', 'both dots moving to the right side of the box, with the grey dot moving towards the black dot', 'both dots moving towards the top left of the box']",balls,no,no
35,35,15035,667a7551a3666990fac80091,15,44,48,7,7,"['47505654-05f0-4b92-a9a3-978c80bda46b', 'c53236a2-f564-41ec-89aa-2bd90765b0a4', '8bb5c4ad-b420-47c6-8e6a-c74a127a30ce', '1d4805c2-68cf-415b-af2f-f7c0564b59aa', '5d69d5c8-83dd-43c4-be85-f1c2ff45960d', '7e113c5d-92b4-4c01-9588-dae0fb76eb5f', '4a6f7598-dc16-47d6-987e-a48c1f938428']","['1d4805c2-68cf-415b-af2f-f7c0564b59aa', '47505654-05f0-4b92-a9a3-978c80bda46b', '5d69d5c8-83dd-43c4-be85-f1c2ff45960d', 'c53236a2-f564-41ec-89aa-2bd90765b0a4', '7e113c5d-92b4-4c01-9588-dae0fb76eb5f', '8bb5c4ad-b420-47c6-8e6a-c74a127a30ce', '4a6f7598-dc16-47d6-987e-a48c1f938428']","[90, 0, 120, 30, 150, 60, 180]","[0, 30, 60, 90, 120, 150, 180]","['black', 'black', 'grey', 'black', 'black', 'grey', 'grey']","[550, 550, 550, 250, 250, 550, 250]","['They were moving with fluctuations in a generally up-left motion', 'They both moved left, then the grey dot moved right for a short time but before making contact with the other moved down', 'They moved upward and closer to each other though never made contact', 'They moved right then down; the grey dot seemed to make moves to avoid contact with the black dot', 'The grey dot moved toward the bottom-right corner and then moved in a small circle, while the black dot made seemingly random movements and remained in largely the same area of the field', ""They both moved left; the black dot seemed to 'bounce' off of the left side of the field"", 'The grey dot moved around in the central-left area of the field while the black dot moved slowly down the right side']",animals,I attempted to remain with my intuitions as the movements seemed to be governed by highly complicated rather than linear directions,'What are they doing' is a vague question
36,36,15036,59f673018a2d3d00012c1544,15,42,48,7,7,"['72e764e1-0b34-4efd-96db-5df7934b2395', '0ea51ff3-f8ac-4d29-a981-0a167d74909c', 'adf2a5c5-86f0-4a90-976a-f3fdfdf528fc', 'ceedd529-39a5-4c29-8103-d6ac89521de6', '5d84c995-f49b-42d0-bf89-eb7f4bfcb1d4', '4cd79935-2124-4c73-9bff-ce0554f08119', '00139b14-fa60-4af8-9eba-0b4965060c34']","['72e764e1-0b34-4efd-96db-5df7934b2395', '00139b14-fa60-4af8-9eba-0b4965060c34', '4cd79935-2124-4c73-9bff-ce0554f08119', 'adf2a5c5-86f0-4a90-976a-f3fdfdf528fc', 'ceedd529-39a5-4c29-8103-d6ac89521de6', '0ea51ff3-f8ac-4d29-a981-0a167d74909c', '5d84c995-f49b-42d0-bf89-eb7f4bfcb1d4']","[0, 180, 150, 60, 90, 30, 120]","[0, 30, 60, 90, 120, 150, 180]","['grey', 'black', 'black', 'grey', 'grey', 'black', 'black']","[550, 250, 550, 250, 550, 250, 250]","['The grey one was following the black one', ""It looks like they're dancing"", ""The grey one was moving fast and the black one couldn't make up it's mind."", 'The grey one is slowly following the black one again', 'They came to each other and then the grey one followed the black one', 'Now the black one followed the grey one!', 'The black one is stalking the grey one.']",balls,"No, I just looked to see what they were doing",No it was fun!
37,37,15037,60ec7ea8d35da9b4118bdd56,15,46,48,7,7,"['816e0a69-dfb6-4a6f-8ffe-97d092e27835', '9093ecfa-6a76-4110-b88c-dd9330281781', '91659665-5079-44c4-96c1-49da784170fa', '22162d51-e2bc-4fd2-af29-7d21f36eca1d', '6480385b-e9eb-45a9-88e3-aade6c90476d', '2a1ab94f-201b-4fa2-9947-1eab7365fb0f', '124f53c2-90c6-4716-8221-e86088f8d257']","['91659665-5079-44c4-96c1-49da784170fa', '6480385b-e9eb-45a9-88e3-aade6c90476d', '2a1ab94f-201b-4fa2-9947-1eab7365fb0f', '22162d51-e2bc-4fd2-af29-7d21f36eca1d', '124f53c2-90c6-4716-8221-e86088f8d257', '816e0a69-dfb6-4a6f-8ffe-97d092e27835', '9093ecfa-6a76-4110-b88c-dd9330281781']","[60, 120, 150, 90, 180, 0, 30]","[0, 30, 60, 90, 120, 150, 180]","['grey', 'black', 'black', 'black', 'grey', 'black', 'grey']","[250, 550, 250, 250, 250, 550, 550]","['Travelling to the top right', 'Moving towards each other then away again', 'The light grey was repelling the black', 'Black trying to follow light grey', 'Light grey moving toward black, black making small circles toward top right', 'Black following light grey to bottom left', 'Light grey following black to top left']",magnets,None,No
38,38,15038,6078421a82b88488a16a2b1f,15,48,48,7,7,"['816e0a69-dfb6-4a6f-8ffe-97d092e27835', 'c53236a2-f564-41ec-89aa-2bd90765b0a4', '7b3797d6-d4cc-4819-b3ad-adfd144217e2', '89ce6bb6-b2cb-44cb-ba57-d78ab0224625', '87b8564c-7590-4001-b1e8-6f26c4e4bf8a', '99fed5db-be9d-4d5f-8fef-1baaad5f1b70', '4bc5af99-ede5-49ec-a929-d4fc6fae9b43']","['816e0a69-dfb6-4a6f-8ffe-97d092e27835', 'c53236a2-f564-41ec-89aa-2bd90765b0a4', '99fed5db-be9d-4d5f-8fef-1baaad5f1b70', '89ce6bb6-b2cb-44cb-ba57-d78ab0224625', '4bc5af99-ede5-49ec-a929-d4fc6fae9b43', '7b3797d6-d4cc-4819-b3ad-adfd144217e2', '87b8564c-7590-4001-b1e8-6f26c4e4bf8a']","[0, 30, 150, 90, 180, 60, 120]","[0, 30, 60, 90, 120, 150, 180]","['black', 'black', 'grey', 'black', 'black', 'grey', 'grey']","[550, 250, 550, 550, 550, 250, 250]","['The black dot is backing the grey one into a corner', 'The black dot is approaching the grey dot ', 'the grey dot is hovering around while the black dot is descending', 'the grey dot is rising with the black dot rising shortly behind', 'the grey dot is almost going around in circles, the black dot not so', 'the grey dot is approaching the black dot, backing it into a corner  (or against a wall)', 'both dots are descending with a bit of distance between them']",something else (describe on the next page),none,Nope
39,39,15039,64135c5f6cdfab4949d4b2ae,15,47,48,7,7,"['07cdb9d7-6577-428d-9498-8a7243527554', '17e4063d-b2f1-4406-8a8f-be7151fd23c1', '3273fde2-4b65-4cc7-b9b3-ef2604e8a514', '68c0fec8-cf83-48bf-8079-a5f414fe7504', '987cd79f-7d6a-426b-8983-8bee8675f0ba', '4270e833-4dad-483f-85cb-3dee1fccc571', '70f615a0-31d5-42b9-a44b-f5746c0b41a8']","['987cd79f-7d6a-426b-8983-8bee8675f0ba', '68c0fec8-cf83-48bf-8079-a5f414fe7504', '70f615a0-31d5-42b9-a44b-f5746c0b41a8', '3273fde2-4b65-4cc7-b9b3-ef2604e8a514', '4270e833-4dad-483f-85cb-3dee1fccc571', '17e4063d-b2f1-4406-8a8f-be7151fd23c1', '07cdb9d7-6577-428d-9498-8a7243527554']","[120, 90, 180, 60, 150, 30, 0]","[0, 30, 60, 90, 120, 150, 180]","['black', 'black', 'black', 'grey', 'grey', 'black', 'grey']","[550, 250, 250, 550, 550, 550, 250]","['The darker dot appeared to be attempting to move closer to the grey dot, however the grey dot did not appear to be consciously moving toward it or away from it.', 'The grey dot appeared to be actively moving away from the black dot, at one point it turned and headed toward the black dot but only seemingly as it approached the edge of the screen/border. It then resumed moving away', 'both dots appear to have been moving independently with no regard for what the other was doing. ', 'The grey dot appeared to be actively chasing the black dot. The black dot seemed to be purposefully moving away and trying to distance itself', 'Both dots appeared to be moving randomly, with no pattern or obvious trajectory and without recognition of each other', 'The black dot appeared to be chasing the grey dot which seemed to be actively moving away purposefully', 'The grey dot appeared to be chasing the black dot, and the black dot was making a constant effort to move further away from it']",animals,"I suppose I subconsciously placed an awareness/living status on each dot. I did not realise until the last couple of videos but I was perceiving that these entities were aware of each other and had different 'ides' of whether they wanted to be closer to the other, further, or were not concerned at all. To me, it seemed almost like two dogs or cats interacting with varying levels of interest in one another.",no
40,40,15040,613c56006d57a7ed16275b1b,15,51,48,7,7,"['bbdbec2b-0ce6-4f9c-ad2d-e6392388d4fb', '0ea51ff3-f8ac-4d29-a981-0a167d74909c', '3273fde2-4b65-4cc7-b9b3-ef2604e8a514', 'c7f85153-52e8-4379-839f-9596d6a3ee62', '5d69d5c8-83dd-43c4-be85-f1c2ff45960d', '1247c2a3-9c1a-478d-ad2b-6640715d76a4', '12a3cd27-040f-4199-9edb-5cd4bb71b3d0']","['c7f85153-52e8-4379-839f-9596d6a3ee62', '5d69d5c8-83dd-43c4-be85-f1c2ff45960d', 'bbdbec2b-0ce6-4f9c-ad2d-e6392388d4fb', '0ea51ff3-f8ac-4d29-a981-0a167d74909c', '12a3cd27-040f-4199-9edb-5cd4bb71b3d0', '1247c2a3-9c1a-478d-ad2b-6640715d76a4', '3273fde2-4b65-4cc7-b9b3-ef2604e8a514']","[90, 120, 0, 30, 180, 150, 60]","[0, 30, 60, 90, 120, 150, 180]","['grey', 'grey', 'black', 'black', 'black', 'black', 'grey']","[550, 550, 250, 250, 250, 250, 550]","['The grey one was following the black one cautiously', 'When they came close the black one moved away', 'The black one cornered the grey one', 'The black one followed the grey one to the edge', 'Both floating in their own spaces', 'Black one moving rigidly, grey one floating', 'When they came close, the grey one followed the black one']",animals,Tried to imagine them as something else e.g. animals and try to understand the 'body language' as such, No
41,41,15041,5950f9c0cb9b650001bf4dd5,15,52,48,7,7,"['c188e383-94d7-475e-9da5-6d1f0a1184bb', 'a4bd654a-f8f1-44b4-907f-0114e1caa391', 'a7fd07d1-e946-43a4-882d-0b3b7882ed21', '16088d09-c11d-4b03-8c77-f92a33554c1e', '9996b324-9da6-4bd7-a5d5-305513d257ce', '2a1ab94f-201b-4fa2-9947-1eab7365fb0f', '124f53c2-90c6-4716-8221-e86088f8d257']","['a7fd07d1-e946-43a4-882d-0b3b7882ed21', '9996b324-9da6-4bd7-a5d5-305513d257ce', 'a4bd654a-f8f1-44b4-907f-0114e1caa391', '2a1ab94f-201b-4fa2-9947-1eab7365fb0f', 'c188e383-94d7-475e-9da5-6d1f0a1184bb', '16088d09-c11d-4b03-8c77-f92a33554c1e', '124f53c2-90c6-4716-8221-e86088f8d257']","[60, 120, 30, 150, 0, 90, 180]","[0, 30, 60, 90, 120, 150, 180]","['grey', 'grey', 'black', 'black', 'black', 'black', 'grey']","[550, 250, 550, 250, 250, 550, 250]","['Grey dot was following the black dot', 'Grey dot was watching the black dot', 'Black dot was following the grey dot', 'Black dot was trying to get round grey dot', 'Black dot was chasing the grey dot', 'Grey dot was trying to get pas the Black dot.', 'Grey dot was watching the Black dot']",adults,no,no
42,42,15042,63e0ec61bae88c6bb36f5968,15,53,48,7,7,"['75182d69-6502-4d35-9298-e331061c7829', '0b80e3d6-cded-42b9-b7ff-67c9cdbcb3c5', 'adf2a5c5-86f0-4a90-976a-f3fdfdf528fc', '22162d51-e2bc-4fd2-af29-7d21f36eca1d', '3d2cbd5f-05d3-4457-8c01-5b302d4c5de7', '10a07293-2c74-4b8a-bbef-b0f436cde5fb', '802575f0-631d-4eeb-9e49-3b401b11b953']","['adf2a5c5-86f0-4a90-976a-f3fdfdf528fc', '3d2cbd5f-05d3-4457-8c01-5b302d4c5de7', '75182d69-6502-4d35-9298-e331061c7829', '802575f0-631d-4eeb-9e49-3b401b11b953', '0b80e3d6-cded-42b9-b7ff-67c9cdbcb3c5', '10a07293-2c74-4b8a-bbef-b0f436cde5fb', '22162d51-e2bc-4fd2-af29-7d21f36eca1d']","[60, 120, 0, 180, 30, 150, 90]","[0, 30, 60, 90, 120, 150, 180]","['grey', 'black', 'grey', 'black', 'grey', 'grey', 'black']","[250, 550, 250, 550, 550, 550, 250]","['Moving to top right hand corner.', 'moving slightly to the left but mostly around the middle.', 'Drifting to the right and then up.', 'quite apart. Black dot was drifting top right. Left dot was moving bottom left.', 'Moving from right to left with the grey dot moving with the black dot staying just in front.', 'getting closer together whilst rotating anti clockwise', 'slowly drifting right whilst moving up and down.']",balls,Trying to identify patterns of movement.,No.
43,43,15043,5e9872fda9de710844c3d21a,15,56,48,7,7,"['9dfa52b0-9e95-49de-bddb-e53316f2b4ae', '17e4063d-b2f1-4406-8a8f-be7151fd23c1', 'cca827ad-af9d-4cfd-ae71-7e028e3f8520', 'ceedd529-39a5-4c29-8103-d6ac89521de6', '7da9ad01-3df5-45e9-8edf-4af0795536e1', '7e113c5d-92b4-4c01-9588-dae0fb76eb5f', '7bee52f4-919b-4633-b742-a0181f5f7f01']","['cca827ad-af9d-4cfd-ae71-7e028e3f8520', 'ceedd529-39a5-4c29-8103-d6ac89521de6', '7e113c5d-92b4-4c01-9588-dae0fb76eb5f', '7da9ad01-3df5-45e9-8edf-4af0795536e1', '9dfa52b0-9e95-49de-bddb-e53316f2b4ae', '17e4063d-b2f1-4406-8a8f-be7151fd23c1', '7bee52f4-919b-4633-b742-a0181f5f7f01']","[60, 90, 150, 120, 0, 30, 180]","[0, 30, 60, 90, 120, 150, 180]","['black', 'grey', 'black', 'black', 'grey', 'black', 'grey']","[550, 550, 250, 250, 550, 550, 250]","['Black dot was heading towards grey dot', 'Grey dot was following black dot. Both moving downwards.', 'Dots were not related to eachothers movements', 'Movements not related, black heading towards grey slightly', 'Grey tracking black dot directly', 'Black following grey dot', 'Moving independently ']",balls,Watching the movement of each dot in relation to eachother to see if they followed the movement of the other one.,No feedback
44,44,15044,5ce059ad3f8060001509faaa,15,54,48,7,7,"['37b0c4a3-57d4-4b4a-9bf7-e4d2eb48cee6', 'cf5e29cd-eacd-4164-96d2-05de1fad88ba', '804f9681-f112-463c-a764-a40a823d6845', '1d4805c2-68cf-415b-af2f-f7c0564b59aa', 'b7261f19-79df-4505-b935-0cb890ebda9c', '18487641-212a-4e1e-8730-31709d721382', '00ccc21a-d63a-41eb-8d3b-a2315d7b0d3e']","['804f9681-f112-463c-a764-a40a823d6845', '18487641-212a-4e1e-8730-31709d721382', 'cf5e29cd-eacd-4164-96d2-05de1fad88ba', '00ccc21a-d63a-41eb-8d3b-a2315d7b0d3e', '37b0c4a3-57d4-4b4a-9bf7-e4d2eb48cee6', 'b7261f19-79df-4505-b935-0cb890ebda9c', '1d4805c2-68cf-415b-af2f-f7c0564b59aa']","[60, 150, 30, 180, 0, 120, 90]","[0, 30, 60, 90, 120, 150, 180]","['black', 'grey', 'black', 'grey', 'black', 'grey', 'black']","[250, 250, 550, 550, 250, 550, 550]","['black is following grey', 'black and grey are unrelated and black is moving down', 'like two little birds flying together', 'both going in circles at different times', 'black following grey up to the top right and beyond like takingoff', 'both doing their own thing but repel each other when they get close', 'towards end they were mimicking each other']",magnets,"not really i just looked at what i was seeing and types what i felt related to them birds, magnets",none
45,45,15045,668d45d68f6124c42ed68f30,15,50,48,7,7,"['53613c0d-b07e-4b22-b6ec-56dda26edc8f', '57dbdc86-9c49-4214-a908-c4a254e90229', '35fbacfe-f7fd-45d5-9266-5f6631809d11', 'a8c7fb1b-9db5-4f8f-a05c-2ea241668e0f', 'a68cb7dc-2812-45a9-b8f6-862ff43630fb', '4cd79935-2124-4c73-9bff-ce0554f08119', '70f615a0-31d5-42b9-a44b-f5746c0b41a8']","['35fbacfe-f7fd-45d5-9266-5f6631809d11', 'a68cb7dc-2812-45a9-b8f6-862ff43630fb', '4cd79935-2124-4c73-9bff-ce0554f08119', '70f615a0-31d5-42b9-a44b-f5746c0b41a8', 'a8c7fb1b-9db5-4f8f-a05c-2ea241668e0f', '53613c0d-b07e-4b22-b6ec-56dda26edc8f', '57dbdc86-9c49-4214-a908-c4a254e90229']","[60, 120, 150, 180, 90, 0, 30]","[0, 30, 60, 90, 120, 150, 180]","['black', 'grey', 'black', 'black', 'grey', 'grey', 'grey']","[250, 550, 550, 250, 250, 250, 550]","['Black dot is chasing the grey dot', 'The black dot appeared to still want to chase they grey dot but the grey dot was watching for it', 'The black dot appeared to be stalknig the grey dot from a distance before losing interest', 'both dots were interested in each other but did not want to actually make contact', 'grey dot was chasing the black dot but the black dot kept a set distance away', 'grey dot was chasing black dot but could only go a single speed. the black dot was faster and could escape', 'grey dot chasing black dot but they became locked on a horizontal axis at the same distance']",animals,concentrated on one dot to see how the other moved in my peripheral vision,No
46,46,15046,667ed0f7182101c92b5944cf,15,57,48,7,7,"['19c65966-3d88-4851-afe4-ae34c498748c', '69cbd581-b3e6-4aa9-8cc0-319380d1e9ce', '91659665-5079-44c4-96c1-49da784170fa', '1841b8a9-ff1d-481d-80de-2134f2461e8b', '5d84c995-f49b-42d0-bf89-eb7f4bfcb1d4', '4270e833-4dad-483f-85cb-3dee1fccc571', '0ea53c63-8350-4a50-8dec-ccbbf0e401dc']","['69cbd581-b3e6-4aa9-8cc0-319380d1e9ce', '91659665-5079-44c4-96c1-49da784170fa', '4270e833-4dad-483f-85cb-3dee1fccc571', '19c65966-3d88-4851-afe4-ae34c498748c', '5d84c995-f49b-42d0-bf89-eb7f4bfcb1d4', '0ea53c63-8350-4a50-8dec-ccbbf0e401dc', '1841b8a9-ff1d-481d-80de-2134f2461e8b']","[30, 60, 150, 0, 120, 180, 90]","[0, 30, 60, 90, 120, 150, 180]","['black', 'grey', 'grey', 'grey', 'black', 'black', 'grey']","[250, 250, 550, 550, 250, 550, 250]","['they were moving to the bottom right of screen', 'they were moving to the top right of screen', 'they were moving slightly to left of screen', 'they were moving more quickly to left of screen', 'they were drifting to top right of screen', 'they were moving in small curves slightly to left', 'they were moving slightly together and then apart, ending closer together']",animals,"remembering where they began and ended, alternating between looking at each one",no
47,47,15047,66316a9edb13102a55ca5889,15,61,48,7,7,"['47505654-05f0-4b92-a9a3-978c80bda46b', '31932267-3908-4599-ba56-ba5043757838', '85aa46c9-fe72-469c-a4cd-96f72ab4ccba', 'c7f85153-52e8-4379-839f-9596d6a3ee62', '5d84c995-f49b-42d0-bf89-eb7f4bfcb1d4', '7e113c5d-92b4-4c01-9588-dae0fb76eb5f', '7bee52f4-919b-4633-b742-a0181f5f7f01']","['85aa46c9-fe72-469c-a4cd-96f72ab4ccba', '31932267-3908-4599-ba56-ba5043757838', '47505654-05f0-4b92-a9a3-978c80bda46b', '7bee52f4-919b-4633-b742-a0181f5f7f01', '5d84c995-f49b-42d0-bf89-eb7f4bfcb1d4', '7e113c5d-92b4-4c01-9588-dae0fb76eb5f', 'c7f85153-52e8-4379-839f-9596d6a3ee62']","[60, 30, 0, 180, 120, 150, 90]","[0, 30, 60, 90, 120, 150, 180]","['black', 'grey', 'black', 'grey', 'black', 'black', 'grey']","[550, 250, 550, 250, 250, 250, 550]","['Black dot was following and tailing the grey one', 'Grey dot was following/tailing the black dot', 'Black dot was following/tailing the grey dot', 'Grey dot was following the black dot from a distance', 'Dots were hovering in sync almost ', 'Dots were moving almost in sync, ', 'Dots were hovering towards the bottom left of the screen almost in sync']",animals,No,No
48,48,15048,66912ec01375ab0291c69f62,15,60,48,7,7,"['49e5ac90-6e7f-4243-9552-8c4c10545895', 'c53236a2-f564-41ec-89aa-2bd90765b0a4', '91659665-5079-44c4-96c1-49da784170fa', 'ceedd529-39a5-4c29-8103-d6ac89521de6', 'a68cb7dc-2812-45a9-b8f6-862ff43630fb', '10a07293-2c74-4b8a-bbef-b0f436cde5fb', '70f615a0-31d5-42b9-a44b-f5746c0b41a8']","['49e5ac90-6e7f-4243-9552-8c4c10545895', 'ceedd529-39a5-4c29-8103-d6ac89521de6', '91659665-5079-44c4-96c1-49da784170fa', '10a07293-2c74-4b8a-bbef-b0f436cde5fb', 'a68cb7dc-2812-45a9-b8f6-862ff43630fb', '70f615a0-31d5-42b9-a44b-f5746c0b41a8', 'c53236a2-f564-41ec-89aa-2bd90765b0a4']","[0, 90, 60, 150, 120, 180, 30]","[0, 30, 60, 90, 120, 150, 180]","['black', 'grey', 'grey', 'grey', 'grey', 'black', 'black']","[550, 550, 250, 550, 550, 250, 250]","['The black dot was chasing the grey dot. The grey was moving quickly and wavering around, the black was moving slowly and steadily in a smooth line.', 'Gray was chasing black dot, black was trying to evade when it became aware of grey.', 'Grey was chasing black dot, black was getting stuck in a corner.', 'Black dot was following a predetermined path (spelling something about) grey was moving around randomly', 'Grey dot was following a back and forth jagged pattern, black dot was moving around slowly and smoothly in curved paths', 'Black dot was travelling diagonally SW to NE, grey dot was moving around jerkly in a small area', 'Black was moving towards grey, grey was swaying back and forth and moving away from black']",animals,"Tried to see both dots at the same time, tried to categorise movement (e.g. into smooth/jerk, direction of travel, area covered) and tried to determine if dots were moving in relation to/response to each other","Really hard to tell if I did it ""well"" or how it was supposed to be done"
49,49,15049,6580d346a0f8984f8d5b8ee4,15,58,48,7,7,"['07cdb9d7-6577-428d-9498-8a7243527554', '9093ecfa-6a76-4110-b88c-dd9330281781', '85aa46c9-fe72-469c-a4cd-96f72ab4ccba', '7d6cad69-203a-49a4-9c6e-b0423a669e50', '987cd79f-7d6a-426b-8983-8bee8675f0ba', '9c46112a-3307-42b7-8386-bdf38ba679af', '00139b14-fa60-4af8-9eba-0b4965060c34']","['85aa46c9-fe72-469c-a4cd-96f72ab4ccba', '7d6cad69-203a-49a4-9c6e-b0423a669e50', '00139b14-fa60-4af8-9eba-0b4965060c34', '9093ecfa-6a76-4110-b88c-dd9330281781', '07cdb9d7-6577-428d-9498-8a7243527554', '9c46112a-3307-42b7-8386-bdf38ba679af', '987cd79f-7d6a-426b-8983-8bee8675f0ba']","[60, 90, 180, 30, 0, 150, 120]","[0, 30, 60, 90, 120, 150, 180]","['black', 'grey', 'black', 'grey', 'grey', 'grey', 'black']","[550, 550, 250, 550, 250, 250, 550]","['Grey was going in a zig zag pattern from bottom to top on the left side. Black was going in a similar pattern from middle to top left.', 'Grey was going in a small movement pattern from right to left. Black started doing similar towards grey from left to right, but then turned as if running from gray.', 'Black is going in a small circular pattern along the horizontal center line but on the left half of the box. Grey was doing the similar pattern in the middle top of the box.', 'Black made  a short move to the top left corner then traced along the top of the box back right. Grey started more central and did the same. Since grey had further to travel it was behind black and seemed to follow black along the top of the box.', 'Both fell towards the bottom right corner. Black started in the middle and fell less distance. Grey started a little right of middle but from much higher.', 'Grey drew a pattern on the left side of the box while black did similar on the right. Both were going down as they made their pattern. Greys was a bit more dynamic, with some circling and quick up/downs at one point.', 'I paid a lot of attention to gray on the left. Both appear to be making patterns, maybe a letter or number at times? Since I was focusing on grey it seems it drew a lowercase letter q. Unsure what black drew. ']",something else (describe on the next page),I think it was perhaps letters it was drawing. I tried to focus on both balls so didn't pick up on this early on. If I had just focused in on one ball I would have noticed this sooner.,None
50,50,15050,6684268336ebea5d57930a0f,15,62,48,7,7,"['816e0a69-dfb6-4a6f-8ffe-97d092e27835', '0ea51ff3-f8ac-4d29-a981-0a167d74909c', '3273fde2-4b65-4cc7-b9b3-ef2604e8a514', 'a8c7fb1b-9db5-4f8f-a05c-2ea241668e0f', '5d69d5c8-83dd-43c4-be85-f1c2ff45960d', '18487641-212a-4e1e-8730-31709d721382', '4bc5af99-ede5-49ec-a929-d4fc6fae9b43']","['3273fde2-4b65-4cc7-b9b3-ef2604e8a514', '816e0a69-dfb6-4a6f-8ffe-97d092e27835', 'a8c7fb1b-9db5-4f8f-a05c-2ea241668e0f', '5d69d5c8-83dd-43c4-be85-f1c2ff45960d', '0ea51ff3-f8ac-4d29-a981-0a167d74909c', '4bc5af99-ede5-49ec-a929-d4fc6fae9b43', '18487641-212a-4e1e-8730-31709d721382']","[60, 0, 90, 120, 30, 180, 150]","[0, 30, 60, 90, 120, 150, 180]","['grey', 'black', 'grey', 'grey', 'black', 'black', 'grey']","[550, 550, 250, 550, 250, 550, 250]","[""The grey dot was 'chasing' the black dot"", 'The black dot was chasing the grey dot', 'Grey was chasing black, but blacks movement seemed slightly more erratic', ""Initially they went towards each other, but ultimately black 'ran away'"", 'They initially moved together, then black chased grey and grey moved away', 'They were independently drawing small circles and moving, but not impacted by each other', ""They appeared to be 'doing their own thing' and not be impacted by each other until they got very close, then avoiding action was taken""]",magnets,Not really... imagination?,No
51,51,15051,5c7bb4095dcdda001427a670,15,64,48,7,7,"['19c65966-3d88-4851-afe4-ae34c498748c', '0a730462-ba50-4dbe-97c6-911f61a40346', 'cca827ad-af9d-4cfd-ae71-7e028e3f8520', '16088d09-c11d-4b03-8c77-f92a33554c1e', '87b8564c-7590-4001-b1e8-6f26c4e4bf8a', '2a1ab94f-201b-4fa2-9947-1eab7365fb0f', '4a6f7598-dc16-47d6-987e-a48c1f938428']","['0a730462-ba50-4dbe-97c6-911f61a40346', '19c65966-3d88-4851-afe4-ae34c498748c', 'cca827ad-af9d-4cfd-ae71-7e028e3f8520', '87b8564c-7590-4001-b1e8-6f26c4e4bf8a', '4a6f7598-dc16-47d6-987e-a48c1f938428', '2a1ab94f-201b-4fa2-9947-1eab7365fb0f', '16088d09-c11d-4b03-8c77-f92a33554c1e']","[30, 0, 60, 120, 180, 150, 90]","[0, 30, 60, 90, 120, 150, 180]","['grey', 'grey', 'black', 'grey', 'grey', 'black', 'black']","[250, 550, 550, 250, 250, 250, 550]","['The grey dot was floating and chasing the black dot around the screen', 'The black dot started going in circles and was the followed by the grey dot', 'The black dot followed the grey dot into the top left corner', 'both dots were floating towards each other. the grey dot was moving faster than the black dot.', 'the black dot was moving in circles near the bottom right corner while the grey was doing the same near the top left corner.', 'the dots were both making circles and floating around the centre of the screen', 'the black dot was chasing the grey dot']",balls,none,n/a
52,52,15052,59bc25620ac77f0001f05574,15,69,48,7,7,"['53613c0d-b07e-4b22-b6ec-56dda26edc8f', 'cf5e29cd-eacd-4164-96d2-05de1fad88ba', 'adf2a5c5-86f0-4a90-976a-f3fdfdf528fc', '1d4805c2-68cf-415b-af2f-f7c0564b59aa', '9996b324-9da6-4bd7-a5d5-305513d257ce', '14f7fa8d-a7a5-4171-bdbf-8a076fb08d9c', '0ea53c63-8350-4a50-8dec-ccbbf0e401dc']","['9996b324-9da6-4bd7-a5d5-305513d257ce', 'cf5e29cd-eacd-4164-96d2-05de1fad88ba', '53613c0d-b07e-4b22-b6ec-56dda26edc8f', 'adf2a5c5-86f0-4a90-976a-f3fdfdf528fc', '14f7fa8d-a7a5-4171-bdbf-8a076fb08d9c', '0ea53c63-8350-4a50-8dec-ccbbf0e401dc', '1d4805c2-68cf-415b-af2f-f7c0564b59aa']","[120, 30, 0, 60, 150, 180, 90]","[0, 30, 60, 90, 120, 150, 180]","['grey', 'black', 'grey', 'grey', 'black', 'black', 'black']","[250, 550, 250, 250, 550, 550, 550]","['the grey dot was following the black dot without getting to close', 'the black dot was chasing the grey dot around the screen', 'it looked like the grey dot was trying to tag the black dot', 'the black dot was running away from the grey dot', 'it looked like the black dot could not decide whether to chase or run away from the grey dot', 'the two dots were trying to get away from each other without going to far from each other', 'the black dot was chasing the grey dot from a distance']",balls,looked to see what try of pattern the dots where doing,none
53,53,15053,665a1158d75699007466a154@email.prolific.com,15,67,48,7,7,"['bbdbec2b-0ce6-4f9c-ad2d-e6392388d4fb', 'a4bd654a-f8f1-44b4-907f-0114e1caa391', '7b3797d6-d4cc-4819-b3ad-adfd144217e2', '06f1dd04-cfbc-433c-9833-32cdb01c0683', '6480385b-e9eb-45a9-88e3-aade6c90476d', '5744f837-93bf-4eba-bddf-e630dedf974e', '27771508-6d61-4618-83ca-4bc020efddfe']","['7b3797d6-d4cc-4819-b3ad-adfd144217e2', '5744f837-93bf-4eba-bddf-e630dedf974e', '27771508-6d61-4618-83ca-4bc020efddfe', 'a4bd654a-f8f1-44b4-907f-0114e1caa391', '6480385b-e9eb-45a9-88e3-aade6c90476d', '06f1dd04-cfbc-433c-9833-32cdb01c0683', 'bbdbec2b-0ce6-4f9c-ad2d-e6392388d4fb']","[60, 150, 180, 30, 120, 90, 0]","[0, 30, 60, 90, 120, 150, 180]","['grey', 'black', 'grey', 'black', 'black', 'grey', 'black']","[250, 550, 550, 550, 550, 250, 250]","['The dots were both fairly close to each other and were both moving around.', 'The dots were far apart from each other at first, then moved closer together to each other but they did not touch each other.', 'This time the dots moved around but they were further apart from each other and they did not touch each other.', 'The dots both moved in an anti clockwise direction, but again they did not touch each other.', 'The dots both moved towards each other but they did not touch each other.', 'The dots started of far apart and then both moved towards each other but they did not touch each other.', 'The black dot appeared to be following the grey dot.']",adults,"I tried to closely follow the dots as they moved, keeping my eyes on them at all times. I noted the direction they were travelling and how close they were to each other.","Very interesting and enjoyable task, thank you."
54,54,15054,65d39f8fe59355bdfbfea1a7,15,70,48,7,7,"['c188e383-94d7-475e-9da5-6d1f0a1184bb', '69cbd581-b3e6-4aa9-8cc0-319380d1e9ce', '8bb5c4ad-b420-47c6-8e6a-c74a127a30ce', '7d6cad69-203a-49a4-9c6e-b0423a669e50', '3d2cbd5f-05d3-4457-8c01-5b302d4c5de7', '4cd79935-2124-4c73-9bff-ce0554f08119', '124f53c2-90c6-4716-8221-e86088f8d257']","['8bb5c4ad-b420-47c6-8e6a-c74a127a30ce', '3d2cbd5f-05d3-4457-8c01-5b302d4c5de7', 'c188e383-94d7-475e-9da5-6d1f0a1184bb', '124f53c2-90c6-4716-8221-e86088f8d257', '7d6cad69-203a-49a4-9c6e-b0423a669e50', '4cd79935-2124-4c73-9bff-ce0554f08119', '69cbd581-b3e6-4aa9-8cc0-319380d1e9ce']","[60, 120, 0, 180, 90, 150, 30]","[0, 30, 60, 90, 120, 150, 180]","['grey', 'black', 'black', 'grey', 'grey', 'black', 'black']","[550, 550, 250, 250, 550, 550, 250]","['The light dot was chasing the dark dot', 'The dark dot was chasing the light dot', 'The dark dot was chasing the light dot, the light dot saw the dark dot a short while in', 'The dots movements were similar but seemingly unrelated', 'The light dot was chasing the dark dot. The dark dot saw the light dot a short time in', 'The dots movements were seemingly unrelated. The dark dot appeared confused', 'The dark dot was chasing the light dot']",something else (describe on the next page),"I didn't feel as if the dots represented anything, but it did seem like they were chasing each other. I didn't use any strategy that I am aware of.",An interesting task. No other comments.
55,55,15055,667eb7dbc8778a9fb2ba2407,15,71,48,7,7,"['72e764e1-0b34-4efd-96db-5df7934b2395', '17e4063d-b2f1-4406-8a8f-be7151fd23c1', '8d9b8961-4fb1-4413-b875-966e01b9963a', '1841b8a9-ff1d-481d-80de-2134f2461e8b', '94a4e86e-f727-4ed5-85c3-c9ab9c1c8e73', '275adee0-f228-423e-816a-e5e70b874bf3', '12a3cd27-040f-4199-9edb-5cd4bb71b3d0']","['8d9b8961-4fb1-4413-b875-966e01b9963a', '72e764e1-0b34-4efd-96db-5df7934b2395', '12a3cd27-040f-4199-9edb-5cd4bb71b3d0', '275adee0-f228-423e-816a-e5e70b874bf3', '17e4063d-b2f1-4406-8a8f-be7151fd23c1', '94a4e86e-f727-4ed5-85c3-c9ab9c1c8e73', '1841b8a9-ff1d-481d-80de-2134f2461e8b']","[60, 0, 180, 150, 30, 120, 90]","[0, 30, 60, 90, 120, 150, 180]","['black', 'grey', 'black', 'grey', 'black', 'black', 'grey']","[550, 550, 250, 250, 550, 250, 250]","['moving to the left and moving downwards slowly', 'dots moving upwards- one following the other dot', 'going around in a circle- opposing ends one top and towards bottom of screen', 'moving quickly left to right. dots didnt really move from where started', 'dots moved towards the left and then began to drop downwards towards the left', 'dark dot went up and down, grey dot moved in circular motion', 'light grey dot moved towards the right, dark dot moved up and down across screen']",animals,No,None
56,56,15056,6691ab7db3e2f87eb86ac544,15,65,48,7,7,"['9dfa52b0-9e95-49de-bddb-e53316f2b4ae', '0b80e3d6-cded-42b9-b7ff-67c9cdbcb3c5', '249089b6-ef6d-4ddb-973d-6d7b9d53baf8', '42ffed3d-edac-4ca7-9b33-6f525cb7c364', '1bc0b0c8-e058-4a68-bdab-65b544a8848d', '4270e833-4dad-483f-85cb-3dee1fccc571', '802575f0-631d-4eeb-9e49-3b401b11b953']","['802575f0-631d-4eeb-9e49-3b401b11b953', '0b80e3d6-cded-42b9-b7ff-67c9cdbcb3c5', '42ffed3d-edac-4ca7-9b33-6f525cb7c364', '1bc0b0c8-e058-4a68-bdab-65b544a8848d', '249089b6-ef6d-4ddb-973d-6d7b9d53baf8', '4270e833-4dad-483f-85cb-3dee1fccc571', '9dfa52b0-9e95-49de-bddb-e53316f2b4ae']","[180, 30, 90, 120, 60, 150, 0]","[0, 30, 60, 90, 120, 150, 180]","['black', 'grey', 'black', 'grey', 'black', 'grey', 'grey']","[550, 550, 250, 250, 250, 550, 550]","['They were moving randomly', 'they were moving toward the left side', 'they moved from middle to the bottom part', 'the black dot moved up the white dot was moving around the middle', 'they both dots were moving from middle to the upward part', 'the black dot was moving toward the upper left side while the white was in the middle', 'they both moved toward the upper left side ']",something else (describe on the next page),Yes,no
57,57,15057,6690434b96fb1ccec0f5c7d1,15,68,48,7,7,"['37b0c4a3-57d4-4b4a-9bf7-e4d2eb48cee6', 'c6499c88-e947-4ab5-8cde-3013da4d084f', 'a7fd07d1-e946-43a4-882d-0b3b7882ed21', '22162d51-e2bc-4fd2-af29-7d21f36eca1d', '987cd79f-7d6a-426b-8983-8bee8675f0ba', '9c46112a-3307-42b7-8386-bdf38ba679af', '2176e0c4-bf6c-4f4a-a64b-23825205a150']","['37b0c4a3-57d4-4b4a-9bf7-e4d2eb48cee6', 'c6499c88-e947-4ab5-8cde-3013da4d084f', '9c46112a-3307-42b7-8386-bdf38ba679af', '987cd79f-7d6a-426b-8983-8bee8675f0ba', 'a7fd07d1-e946-43a4-882d-0b3b7882ed21', '22162d51-e2bc-4fd2-af29-7d21f36eca1d', '2176e0c4-bf6c-4f4a-a64b-23825205a150']","[0, 30, 150, 120, 60, 90, 180]","[0, 30, 60, 90, 120, 150, 180]","['black', 'grey', 'grey', 'black', 'grey', 'black', 'grey']","[250, 250, 250, 550, 550, 250, 550]","['The black dot was following the grey dot into the corner ', 'The dots came together then the grey dot followed the black dot ', 'Both dots were staying a certain distance away from each other but moving the same way ', 'Black dot was copying the grey dot without getting close', 'Grey dot was following/pushing the black dot into the corner', 'The grey dot was moving in the same way of the black dot but not getting close to each other', 'The dots touched then went away from each other']",magnets,No,No
58,58,15058,60e38ac4db4d97422293672b,15,73,48,7,7,"['c188e383-94d7-475e-9da5-6d1f0a1184bb', 'a4bd654a-f8f1-44b4-907f-0114e1caa391', '804f9681-f112-463c-a764-a40a823d6845', 'ceedd529-39a5-4c29-8103-d6ac89521de6', 'a68cb7dc-2812-45a9-b8f6-862ff43630fb', '7e113c5d-92b4-4c01-9588-dae0fb76eb5f', '00ccc21a-d63a-41eb-8d3b-a2315d7b0d3e']","['00ccc21a-d63a-41eb-8d3b-a2315d7b0d3e', 'a68cb7dc-2812-45a9-b8f6-862ff43630fb', 'c188e383-94d7-475e-9da5-6d1f0a1184bb', '804f9681-f112-463c-a764-a40a823d6845', 'ceedd529-39a5-4c29-8103-d6ac89521de6', 'a4bd654a-f8f1-44b4-907f-0114e1caa391', '7e113c5d-92b4-4c01-9588-dae0fb76eb5f']","[180, 120, 0, 60, 90, 30, 150]","[0, 30, 60, 90, 120, 150, 180]","['grey', 'grey', 'black', 'black', 'grey', 'black', 'black']","[550, 550, 250, 250, 550, 550, 250]","['They were mirroring each other and moving at the same time', 'the grey dot was writing something and the black dot was just moving around', 'the black dot began to follow the grey dot', 'the black dot started chasing the grey dot', 'the grey dot started trying to catch up with the black dot', 'the black dot started following the grey and the grey moved in zig zags to try and avoid it', 'the grey dot was moving in the bottom right section of the square and the black was moving in the top left section']",adults,I watched the patterns of both dots to see if there was any relation,No
59,59,15059,641571922d04f807e7157a04,15,74,48,7,7,"['19c65966-3d88-4851-afe4-ae34c498748c', '31932267-3908-4599-ba56-ba5043757838', '8d9b8961-4fb1-4413-b875-966e01b9963a', '42ffed3d-edac-4ca7-9b33-6f525cb7c364', '5d69d5c8-83dd-43c4-be85-f1c2ff45960d', '2a1ab94f-201b-4fa2-9947-1eab7365fb0f', '4bc5af99-ede5-49ec-a929-d4fc6fae9b43']","['31932267-3908-4599-ba56-ba5043757838', '19c65966-3d88-4851-afe4-ae34c498748c', '4bc5af99-ede5-49ec-a929-d4fc6fae9b43', '42ffed3d-edac-4ca7-9b33-6f525cb7c364', '8d9b8961-4fb1-4413-b875-966e01b9963a', '2a1ab94f-201b-4fa2-9947-1eab7365fb0f', '5d69d5c8-83dd-43c4-be85-f1c2ff45960d']","[30, 0, 180, 90, 60, 150, 120]","[0, 30, 60, 90, 120, 150, 180]","['grey', 'grey', 'black', 'black', 'black', 'black', 'grey']","[250, 550, 550, 250, 550, 250, 550]","['the light dot was chasing the dark dot', 'the =dark dot nearly hit the light then turned', 'they were making circles', 'the dark dot was zig zagging.', 'the dark dot was closing in on the light dot', 'they were aimlessly going in different directions', 'they were chasing each other.']",balls,no i did not.,no
