PID,ParticipantID,1_UCLA_qn0,1_UCLA_qn1,1_UCLA_qn2,1_UCLA_qn3,1_UCLA_qn4,1_UCLA_qn5,1_UCLA_qn6,1_UCLA_qn7,1_UCLA_qn8,1_UCLA_qn9,2_UCLA_qn10,2_UCLA_qn11,2_UCLA_qn12,2_UCLA_qn13,2_UCLA_qn14,2_UCLA_qn15,2_UCLA_qn16,2_UCLA_qn17,2_UCLA_qn18,2_UCLA_qn19,2_UCLA_qn20
5ec5a705a9b68d5f1f482ce5,30050,Sometimes,Sometimes,Rarely,Rarely,Rarely,Rarely,Sometimes,Always,Sometimes,Sometimes,Sometimes,Rarely,Rarely,Sometimes,Rarely,Always,Sometimes,Sometimes,Sometimes,Always,Always
5a2e04c5c7ed3b0001823507,30051,Sometimes,Rarely,Never,Never,Sometimes,Rarely,Never,Always,Rarely,Sometimes,Sometimes,Rarely,Never,Never,Rarely,Sometimes,Always,Sometimes,Sometimes,Always,Always
645f2a337fcb0360de02c8cd,30052,Rarely,Sometimes,Sometimes,Rarely,Never,Never,Sometimes,Always,Sometimes,Rarely,Sometimes,Sometimes,Sometimes,Sometimes,Rarely,Sometimes,Sometimes,Never,Rarely,Always,Always
60c119b30aa5205b493541b6,30053,Sometimes,Rarely,Rarely,Rarely,Sometimes,Sometimes,Rarely,Always,Sometimes,Sometimes,Sometimes,Rarely,Sometimes,Sometimes,Rarely,Sometimes,Sometimes,Rarely,Sometimes,Sometimes,Sometimes
66340711e5f27c15e5fabf85,30054,Always,Sometimes,Rarely,Sometimes,Always,Sometimes,Rarely,Always,Sometimes,Always,Always,Rarely,Rarely,Rarely,Rarely,Sometimes,Always,Rarely,Sometimes,Always,Always
60ad4325e23286e1191e31aa,30055,Sometimes,Never,Never,Rarely,Always,Sometimes,Never,Always,Rarely,Always,Always,Rarely,Rarely,Never,Never,Always,Sometimes,Rarely,Rarely,Always,Always
60cb15ad659c0a7534094bd5,30056,Sometimes,Rarely,Sometimes,Rarely,Sometimes,Always,Never,Always,Rarely,Rarely,Sometimes,Sometimes,Rarely,Never,Sometimes,Always,Sometimes,Always,Sometimes,Always,Always
657a89e6927fca5ef1da0e82,30057,Sometimes,Sometimes,Sometimes,Sometimes,Rarely,Rarely,Sometimes,Always,Sometimes,Rarely,Rarely,Sometimes,Sometimes,Sometimes,Sometimes,Never,Rarely,Sometimes,Sometimes,Never,Rarely
5ca9106716aa84001725d880,30058,Always,Rarely,Never,Rarely,Sometimes,Always,Rarely,Always,Rarely,Always,Sometimes,Rarely,Rarely,Rarely,Rarely,Sometimes,Always,Rarely,Rarely,Sometimes,Always
5df52b8476f4503b36b0d45e,30059,Sometimes,Sometimes,Rarely,Sometimes,Sometimes,Sometimes,Rarely,Always,Always,Sometimes,Rarely,Always,Sometimes,Sometimes,Sometimes,Sometimes,Sometimes,Always,Sometimes,Sometimes,Sometimes
661849a65cba8b07213ca8e0,30060,,,,,,,,,,,,,,,,,,,,,
60fd3817531ef8b336731984,30061,Always,Rarely,Never,Never,Sometimes,Sometimes,Sometimes,Always,Never,Sometimes,Sometimes,Sometimes,Sometimes,Rarely,Sometimes,Sometimes,Always,Sometimes,Sometimes,Always,Always
62d140d43079cdd60f42d39e,30062,Sometimes,Never,Never,Rarely,Always,Always,Never,Always,Rarely,Sometimes,Sometimes,Rarely,Rarely,Never,Never,Always,Always,Rarely,Sometimes,Always,Always
63d04d54715f377d4ee643d8,30063,Sometimes,Sometimes,Always,Rarely,Sometimes,Sometimes,Sometimes,Always,Rarely,Rarely,Rarely,Sometimes,Sometimes,Always,Sometimes,Rarely,Never,Sometimes,Sometimes,Rarely,Never
60ff109e2a8d5d4b4a835630,30064,Always,Sometimes,Never,Rarely,Sometimes,Sometimes,Rarely,Always,Rarely,Always,Always,Sometimes,Rarely,Never,Rarely,Always,Always,Rarely,Never,Always,Always
6613eb35147102a25e30a190,30065,Always,Never,Rarely,Rarely,Always,Sometimes,Rarely,Always,Sometimes,Always,Always,Rarely,Rarely,Rarely,Never,Always,Always,Sometimes,Rarely,Always,Always
610708c5efbf18e4295facc3,30066,Sometimes,Sometimes,Sometimes,Sometimes,Sometimes,Rarely,Sometimes,Always,Sometimes,Sometimes,Sometimes,Sometimes,Sometimes,Sometimes,Sometimes,Rarely,Sometimes,Rarely,Sometimes,Rarely,Sometimes
62b38acba8916f148c3b8098,30067,Always,Always,Always,Always,Never,Sometimes,Always,Always,Always,Sometimes,Rarely,Always,Sometimes,Always,Always,Never,Never,Rarely,Always,Rarely,Rarely
64012975c4251a860b518c8b,30068,Sometimes,Rarely,Rarely,Sometimes,Sometimes,Sometimes,Sometimes,Always,Sometimes,Sometimes,Sometimes,Rarely,Rarely,Sometimes,Rarely,Rarely,Sometimes,Sometimes,Sometimes,Sometimes,Sometimes
5c9a03e39de0ed0001388d06,30069,Always,Sometimes,Rarely,Rarely,Always,Sometimes,Rarely,Always,Rarely,Sometimes,Sometimes,Rarely,Rarely,Rarely,Rarely,Always,Always,Rarely,Rarely,Always,Always
587bf1a6e556c1000129e7bd,30070,Rarely,Sometimes,Never,Rarely,Sometimes,Never,Sometimes,Always,Sometimes,Rarely,Rarely,Always,Sometimes,Sometimes,Sometimes,Rarely,Rarely,Sometimes,Rarely,Rarely,Sometimes
5f1c4b819fb17507b94ea713,30071,Sometimes,Sometimes,Rarely,Sometimes,Sometimes,Rarely,Rarely,Always,Sometimes,Rarely,Sometimes,Sometimes,Rarely,Sometimes,Sometimes,Rarely,Sometimes,Always,Sometimes,Sometimes,Sometimes
6287745dd285a8be832879dc,30072,Sometimes,Sometimes,Sometimes,Rarely,Rarely,Rarely,Sometimes,Always,Sometimes,Rarely,Sometimes,Sometimes,Sometimes,Sometimes,Sometimes,Rarely,Rarely,Sometimes,Sometimes,Rarely,Sometimes
5fea486eeed16da38175ba44,30073,Sometimes,Rarely,Rarely,Rarely,Always,Sometimes,Rarely,Always,Rarely,Sometimes,Sometimes,Rarely,Rarely,Rarely,Rarely,Always,Sometimes,Sometimes,Rarely,Sometimes,Sometimes
62c82d6d2a2f32bb8389dc30,30074,Always,Sometimes,Sometimes,Sometimes,Rarely,Sometimes,Sometimes,Always,Rarely,Sometimes,Sometimes,Sometimes,Sometimes,Always,Sometimes,Rarely,Sometimes,Never,Sometimes,Rarely,Rarely
644164d75b4cbe61ff891e64,30075,Sometimes,Sometimes,Never,Sometimes,Rarely,Rarely,Always,Always,Always,Sometimes,Sometimes,Always,Rarely,Sometimes,Sometimes,Rarely,Rarely,Sometimes,Sometimes,Sometimes,Sometimes
587955cda205a90001e7f889,30076,Sometimes,Always,Always,Always,Rarely,Rarely,Always,Always,Sometimes,Rarely,Rarely,Sometimes,Sometimes,Always,Always,Never,Never,Sometimes,Sometimes,Never,Never
65a5920088672d869713f267,30077,Sometimes,Always,Always,Always,Rarely,Rarely,Always,Always,Rarely,Rarely,Never,Sometimes,Rarely,Sometimes,Always,Rarely,Sometimes,Always,Sometimes,Rarely,Rarely
5d87a74208667b0001eff922,30078,Sometimes,Never,Never,Rarely,Always,Always,Never,Always,Sometimes,Sometimes,Always,Rarely,Never,Never,Never,Always,Always,Sometimes,Rarely,Sometimes,Always
663c853743d67a3002d6e83e,30079,Always,Never,Rarely,Sometimes,Always,Always,Sometimes,Always,Sometimes,Always,Sometimes,Rarely,Rarely,Sometimes,Sometimes,Always,Sometimes,Rarely,Sometimes,Always,Always
5f53b958c8cfea6e2104c5b6,30080,Sometimes,Never,Never,Rarely,Rarely,Rarely,Sometimes,Always,Sometimes,Sometimes,Sometimes,Sometimes,Sometimes,Always,Rarely,Sometimes,Rarely,Sometimes,Sometimes,Always,Always
59aa9242a372d6000157ed4e,30081,Sometimes,Sometimes,Sometimes,Sometimes,Rarely,Rarely,Sometimes,Always,Rarely,Rarely,Sometimes,Sometimes,Rarely,Sometimes,Sometimes,Rarely,Rarely,Always,Sometimes,Rarely,Rarely
6635438496e6686eb5170977,30082,Sometimes,Sometimes,Always,Sometimes,Sometimes,Sometimes,Rarely,Always,Sometimes,Always,Sometimes,Rarely,Rarely,Always,Sometimes,Rarely,Rarely,Always,Sometimes,Sometimes,Sometimes
662fa386df34bf7b4b42b39d,30083,Sometimes,Rarely,Sometimes,Sometimes,Never,Rarely,Always,Always,Sometimes,Rarely,Sometimes,Always,Rarely,Sometimes,Sometimes,Rarely,Sometimes,Always,Always,Sometimes,Sometimes
66409560ad936cfe4f1438fd,30084,Sometimes,Sometimes,Sometimes,Sometimes,Sometimes,Rarely,Rarely,Always,Sometimes,Rarely,Sometimes,Sometimes,Sometimes,Sometimes,Sometimes,Rarely,Rarely,Always,Rarely,Sometimes,Rarely
6021c4832fdecb24a70f4746,30085,Sometimes,Sometimes,Rarely,Sometimes,Always,Sometimes,Rarely,Always,Sometimes,Sometimes,Sometimes,Rarely,Rarely,Sometimes,Never,Rarely,Rarely,Sometimes,Sometimes,Always,Always
66151b57090a8ba8ec454009,30086,Sometimes,Sometimes,Sometimes,Sometimes,Never,Sometimes,Sometimes,Always,Always,Rarely,Sometimes,Sometimes,Sometimes,Sometimes,Sometimes,Rarely,Sometimes,Sometimes,Sometimes,Sometimes,Sometimes
60e5868307d715a4d1445116,30087,Always,Sometimes,Sometimes,Sometimes,Sometimes,Rarely,Sometimes,Always,Rarely,Sometimes,Sometimes,Rarely,Never,Sometimes,Sometimes,Rarely,Rarely,Never,Sometimes,Rarely,Sometimes
663032f971fff2cdf666195b,30088,Always,Rarely,Rarely,Rarely,Sometimes,Always,Rarely,Always,Always,Always,Always,Always,Always,Sometimes,Rarely,Always,Rarely,Sometimes,Rarely,Always,Always
5e132349b199e49599de669e,30089,Rarely,Rarely,Sometimes,Rarely,Never,Rarely,Sometimes,Always,Sometimes,Never,Rarely,Sometimes,Sometimes,Always,Sometimes,Never,Never,Always,Sometimes,Never,Rarely
5994c52989d01e0001aea32f,30090,Sometimes,Rarely,Rarely,Rarely,Sometimes,Sometimes,Rarely,Always,Sometimes,Sometimes,Sometimes,Rarely,Rarely,Rarely,Rarely,Sometimes,Sometimes,Sometimes,Rarely,Sometimes,Sometimes
5e4886f1da7b943284265869,30091,Always,Sometimes,Sometimes,Rarely,Sometimes,Sometimes,Never,Always,Sometimes,Sometimes,Sometimes,Rarely,Rarely,Sometimes,Rarely,Rarely,Rarely,Always,Rarely,Sometimes,Sometimes
5e75f33ed1dff815407f73c6,30092,Sometimes,Sometimes,Sometimes,Sometimes,Rarely,Sometimes,Sometimes,Always,Sometimes,Rarely,Sometimes,Sometimes,Sometimes,Always,Sometimes,Rarely,Rarely,Sometimes,Sometimes,Sometimes,Sometimes
63ea85f2e1c8032a3121a505,30093,Always,Rarely,Rarely,Rarely,Always,Always,Never,Always,Never,Always,Always,Always,Always,Rarely,Never,Always,Always,Rarely,Always,Always,Always
66237ff21aafc787e2b746ff,30094,Sometimes,Rarely,Rarely,Never,Sometimes,Always,Sometimes,Always,Sometimes,Always,Sometimes,Always,Sometimes,Sometimes,Rarely,Rarely,Sometimes,Sometimes,Rarely,Sometimes,Sometimes
6647c6138ad0a72e618533d0,30095,Rarely,Sometimes,Always,Sometimes,Rarely,Rarely,Always,Always,Sometimes,Rarely,Rarely,Sometimes,Sometimes,Always,Sometimes,Sometimes,Never,Sometimes,Always,Rarely,Rarely
63ced2f25eb7beb158c802d5,30096,Sometimes,Sometimes,Sometimes,Sometimes,Sometimes,Sometimes,Rarely,Always,Sometimes,Sometimes,Rarely,Sometimes,Sometimes,Sometimes,Sometimes,Rarely,Rarely,Sometimes,Sometimes,Rarely,Rarely
663a3e2c4bb152b9e2334f3e,30097,Sometimes,Rarely,Rarely,Sometimes,Sometimes,Sometimes,Rarely,Always,Rarely,Sometimes,Sometimes,Sometimes,Rarely,Rarely,Sometimes,Sometimes,Sometimes,Sometimes,Rarely,Always,Always
65fb70d4e69155a62d58ac90,30098,Always,Never,Never,Rarely,Sometimes,Always,Never,Always,Rarely,Sometimes,Sometimes,Rarely,Rarely,Rarely,Never,Sometimes,Sometimes,Sometimes,Never,Always,Always
6154c1748e0de2c3afdab62c,30099,Sometimes,Rarely,Never,Rarely,Sometimes,Sometimes,Rarely,Always,Sometimes,Rarely,Sometimes,Rarely,Rarely,Sometimes,Rarely,Sometimes,Sometimes,Rarely,Sometimes,Sometimes,Sometimes
658636796fa6fd9a376944f5,30100,Sometimes,Rarely,Never,Rarely,Always,Always,Rarely,Always,Rarely,Sometimes,Always,Rarely,Rarely,Rarely,Rarely,Sometimes,,Rarely,Rarely,Always,Always
62e059c52d5f20c728f508d8,30101,Rarely,Always,Sometimes,Always,Rarely,Rarely,Always,Always,Sometimes,Rarely,Rarely,Sometimes,Always,Always,Always,Rarely,Never,Always,Always,Rarely,Rarely
63ce8e557f1649202fdb045f,30102,Always,Never,Rarely,Rarely,Always,Always,Rarely,Always,Sometimes,Sometimes,Always,Rarely,Sometimes,Sometimes,Rarely,Always,Always,Sometimes,Sometimes,Always,Always
6304b7a752adde130e57bddf,30103,Always,Never,Never,Never,Always,Always,Never,Always,Never,Always,Always,Never,Never,Never,Never,Always,Always,Never,Rarely,Always,Always
663d68e807640657499d183b,30104,Sometimes,Sometimes,Rarely,Sometimes,Always,Always,Sometimes,Always,Sometimes,Sometimes,Sometimes,Rarely,Rarely,Sometimes,Sometimes,Always,Sometimes,Sometimes,Sometimes,Sometimes,Always
5af2f6c0c36b060001f80163,30105,Sometimes,Rarely,Sometimes,Rarely,Sometimes,Sometimes,Rarely,Always,Sometimes,Sometimes,Sometimes,Sometimes,Rarely,Sometimes,Sometimes,Sometimes,Rarely,Sometimes,Sometimes,Sometimes,Sometimes
610898813e48dc2864965122,30106,Sometimes,Sometimes,Sometimes,Sometimes,Sometimes,Sometimes,Rarely,Always,Rarely,Sometimes,Sometimes,Rarely,Rarely,Rarely,Rarely,Sometimes,Sometimes,Always,Rarely,Sometimes,Sometimes
5d7b89d48fb7ce00018112ea,30107,Sometimes,Rarely,Sometimes,Rarely,Sometimes,Sometimes,Sometimes,Always,Sometimes,Always,Sometimes,Rarely,Sometimes,Rarely,Rarely,Always,Rarely,Rarely,Rarely,Always,Always
5d08c65a6bf345001a52f4b1,30108,Sometimes,Rarely,Never,Rarely,Sometimes,Sometimes,Sometimes,Always,Sometimes,Sometimes,Sometimes,Sometimes,Rarely,Rarely,Rarely,Sometimes,Sometimes,Sometimes,Rarely,Sometimes,Sometimes
6372639e99b4b50efc9eb4a6,30109,Sometimes,Sometimes,Sometimes,Sometimes,Always,Sometimes,Sometimes,Always,Sometimes,Sometimes,Sometimes,Sometimes,Sometimes,Sometimes,Sometimes,Sometimes,Sometimes,Sometimes,Sometimes,Always,Always
62a8e8d53d81e31a0c0331d3,30110,Sometimes,Rarely,Never,Rarely,Sometimes,Sometimes,Never,Always,Rarely,Sometimes,Sometimes,Rarely,Rarely,Rarely,Rarely,Rarely,Always,Sometimes,Rarely,Sometimes,Always
5fb835372b02f05267811822,30111,Always,Sometimes,Rarely,Sometimes,Sometimes,Sometimes,Rarely,Always,Sometimes,Sometimes,Sometimes,Sometimes,Sometimes,Rarely,Sometimes,Sometimes,Sometimes,Rarely,Sometimes,Sometimes,Rarely
656623a1111c091f8f999bc5,30112,Sometimes,Rarely,Sometimes,Sometimes,Never,Rarely,Rarely,Always,Rarely,Sometimes,Sometimes,Rarely,Never,Sometimes,Sometimes,Sometimes,Sometimes,Always,Sometimes,Rarely,Rarely
6074b929f753216d88c77e88,30113,Sometimes,Rarely,Never,Never,Sometimes,Sometimes,Never,Always,Rarely,Sometimes,Sometimes,Rarely,Never,Never,Rarely,Rarely,Sometimes,Never,Rarely,Always,Always
663abe859bcc3ea8ef9bbdf3,30114,Sometimes,Rarely,Never,Rarely,Always,Always,Never,Always,Rarely,Always,Sometimes,Rarely,Never,Rarely,Rarely,Always,Sometimes,Rarely,Rarely,Always,Always
6617d376619a2b4541498f2c,30115,Sometimes,Never,Never,Rarely,Sometimes,Sometimes,Rarely,Always,Rarely,Sometimes,Always,Rarely,Never,Never,Rarely,Always,Always,Sometimes,Rarely,Always,Always
655f8edb8b128e01321fbf88,30116,Sometimes,Sometimes,Never,Sometimes,Always,Sometimes,Never,Always,Sometimes,Sometimes,Always,Rarely,Never,Rarely,Never,Always,Sometimes,Always,Never,Always,Always
60c3ba02dfcf64dbe7ae0396,30117,Sometimes,Rarely,Never,Rarely,Always,Always,Rarely,Always,Rarely,Sometimes,Sometimes,Rarely,Rarely,Rarely,Rarely,Always,Always,Sometimes,Rarely,Always,Always
65fe204f412cca0170fd8f50,30118,Sometimes,Rarely,Rarely,Sometimes,Never,Always,Rarely,Always,Never,Sometimes,Sometimes,Sometimes,Never,Rarely,Sometimes,Rarely,Always,Always,Rarely,Always,Always
66099d3fa3579e4e79fa013c,30119,Rarely,Sometimes,Sometimes,Sometimes,Sometimes,Sometimes,Sometimes,Always,Sometimes,Always,Sometimes,Sometimes,Sometimes,Sometimes,Sometimes,Rarely,Sometimes,Rarely,Sometimes,Sometimes,Sometimes
63b80a8b220f924d975670bc,30120,Rarely,Sometimes,Never,Sometimes,Rarely,Never,Never,Always,Sometimes,Rarely,Always,Sometimes,Sometimes,Always,Always,Sometimes,Rarely,Always,Sometimes,Always,Always
660d96d07d38af114036538a,30121,Always,Never,Rarely,Never,Always,Sometimes,Rarely,Always,Sometimes,Always,Always,Never,Rarely,Rarely,Never,Always,Always,Never,Rarely,Always,Always
663a804cc32965801bab129f,30122,Always,Rarely,Rarely,Rarely,Always,Always,Rarely,Always,Rarely,Sometimes,Sometimes,Rarely,Rarely,Rarely,Rarely,Always,Sometimes,Sometimes,Rarely,Always,Sometimes
663cbad24a06fd12596337a5,30123,Sometimes,Sometimes,Never,Never,Always,Always,Never,Always,Rarely,Always,Always,Never,Never,Never,Never,Rarely,Sometimes,Always,Sometimes,Always,Always
5db5e92f734a26000b470dde,30124,Rarely,Sometimes,Always,Sometimes,Never,Rarely,Always,Always,Sometimes,Rarely,Rarely,Rarely,Always,Always,Sometimes,Never,Never,Always,Sometimes,Never,Never
5ba0c90d2ff2f900019396b7,30125,Rarely,Rarely,Sometimes,Sometimes,Never,Rarely,Sometimes,Always,Sometimes,Rarely,Never,Sometimes,Sometimes,Always,Always,Rarely,Rarely,Always,Always,Never,Rarely
663c18b624172c32a8dbb066,30126,,,,,,,,,,,,,,,,,,,,,
5f0889eaeff16b0b1a12f565,30127,Rarely,Sometimes,Sometimes,Sometimes,Sometimes,Sometimes,Sometimes,Always,Always,Sometimes,Sometimes,Sometimes,Sometimes,Always,Sometimes,Sometimes,Sometimes,Sometimes,Always,Sometimes,Sometimes
57bfc1beef05670001ee84c2,30128,Sometimes,Sometimes,Rarely,Sometimes,Rarely,Rarely,Sometimes,Always,Always,Sometimes,Rarely,Sometimes,Always,Always,Sometimes,Rarely,Rarely,Always,Sometimes,Sometimes,Rarely
5f40ed58fceca2234d44f3bf,30129,Rarely,Sometimes,Rarely,Rarely,Rarely,Rarely,Sometimes,Always,Sometimes,Rarely,Rarely,Sometimes,Sometimes,Sometimes,Sometimes,Never,Rarely,Always,Sometimes,Sometimes,Sometimes
66156aabdcdb913c19d3d43f,30130,Always,Sometimes,Sometimes,Rarely,Sometimes,Sometimes,,Always,Sometimes,Sometimes,Sometimes,Sometimes,Sometimes,Sometimes,Rarely,Sometimes,Sometimes,Rarely,Rarely,Rarely,Rarely
66472f7ef4c54862f0cc44e0,30131,Sometimes,Rarely,Never,Rarely,Always,Sometimes,Rarely,Always,Rarely,Sometimes,Always,Rarely,Sometimes,Rarely,Never,Always,Sometimes,Rarely,Rarely,Always,Always
63bd11a2cbebd7e39b126938,30132,Never,Always,Never,Always,Never,Never,Always,Always,Always,Never,Never,Always,Always,Always,Always,Never,Never,Never,Never,Never,Never
66320c3fd918f178605a74f8,30133,Always,Rarely,Never,Rarely,Always,Always,Never,Always,Always,Always,Always,Sometimes,Sometimes,Rarely,Rarely,Always,Always,Rarely,Always,Sometimes,Always
5b5f23420085cb0001872849,30134,Sometimes,Always,Always,Always,Rarely,Rarely,Always,Always,Sometimes,Rarely,Rarely,Always,Always,Always,Always,Rarely,Rarely,Always,Always,Never,Never
5fed47cfcb429d79af4f8ded,30135,Sometimes,Rarely,Rarely,Sometimes,Rarely,Sometimes,Rarely,Always,Sometimes,Rarely,Sometimes,Rarely,Never,Sometimes,Sometimes,Sometimes,Sometimes,Always,Sometimes,Always,Always
6648a8037ce304073173938a,30136,Always,Never,Never,Never,Always,Always,Never,Always,Rarely,Sometimes,Always,Rarely,Never,Rarely,Never,Always,Always,Rarely,Never,Always,Always
6631946e4f43db45004ae20e,30137,Always,Never,Never,Rarely,Rarely,Always,Never,Always,Never,Sometimes,Always,Never,Never,Never,Rarely,Always,Always,Sometimes,Rarely,Always,Always
663653e5923836444d951e43,30138,Sometimes,Never,Never,Never,Always,Sometimes,Never,Always,Sometimes,Sometimes,Sometimes,Rarely,Never,Rarely,Rarely,Always,Always,Rarely,Never,Sometimes,Sometimes
65ddafc7c55910335cfa962d,30139,Sometimes,Rarely,Sometimes,Sometimes,,Rarely,Sometimes,Always,Sometimes,Sometimes,Rarely,Sometimes,Sometimes,Sometimes,Sometimes,Rarely,Rarely,Sometimes,Sometimes,Sometimes,Sometimes
664ce5c7969975237f0e8ffa,30140,Sometimes,Rarely,Rarely,Rarely,Sometimes,Sometimes,Rarely,Always,Sometimes,Sometimes,Sometimes,Rarely,Rarely,Rarely,Sometimes,Sometimes,Sometimes,Rarely,Rarely,Always,Always
663200f99991108a0c4dcb23,30141,Always,Rarely,Always,Rarely,Sometimes,Sometimes,Never,Always,Rarely,Sometimes,Sometimes,Rarely,Sometimes,Rarely,Sometimes,Rarely,Rarely,Sometimes,Sometimes,Rarely,Sometimes
659c028fe586fe8875cab8fb,30142,Rarely,Sometimes,Sometimes,Sometimes,Rarely,Sometimes,Sometimes,Always,Sometimes,Rarely,Rarely,Sometimes,Sometimes,Sometimes,Sometimes,Rarely,Rarely,Sometimes,Sometimes,Rarely,Rarely
63d432e27555fb4b5785cfcd,30143,Always,Rarely,Rarely,Rarely,Sometimes,Sometimes,Never,Always,Sometimes,Sometimes,Sometimes,Rarely,Never,Never,Rarely,Always,Always,Sometimes,Rarely,Always,Always
5bb0cc738f3bd70001e513e3,30144,Sometimes,Sometimes,Rarely,Sometimes,Rarely,Rarely,Sometimes,Always,Sometimes,Rarely,Sometimes,Sometimes,Sometimes,Sometimes,Sometimes,Rarely,Sometimes,Always,Sometimes,Sometimes,Sometimes
5c485ca68133a40001bad6c3,30145,Sometimes,Always,Sometimes,Sometimes,Sometimes,Rarely,Sometimes,Always,Sometimes,Rarely,Sometimes,Sometimes,Sometimes,Always,Always,Rarely,Rarely,Always,Sometimes,Rarely,Rarely
65fb5f438050e2495c957083,30146,,,,,,,,,,,,,,,,,,,,,
5ec3de7a21dd590667039a0b,30147,Sometimes,Rarely,Never,Sometimes,Always,Always,Rarely,Always,Rarely,Always,Sometimes,Never,Sometimes,Never,Rarely,Always,Sometimes,Rarely,Never,Always,Always
663791040de5898120ca93cd,30148,Always,Never,Never,Never,Always,Always,Never,Always,Rarely,Always,Always,Rarely,Never,Rarely,Never,Always,Always,Rarely,Rarely,Always,Always
60bec2aeb32067ea868876ec,30149,Always,Rarely,Never,Never,Always,Always,Sometimes,Always,Rarely,Always,Always,Rarely,Rarely,Rarely,Rarely,Always,Always,Sometimes,Rarely,Always,Always
5d979a7705d4d60017b154c6,30150,Sometimes,Sometimes,Sometimes,Sometimes,Sometimes,Sometimes,Sometimes,Always,Sometimes,Rarely,Sometimes,Sometimes,Sometimes,Sometimes,Sometimes,Sometimes,Sometimes,Always,Sometimes,Sometimes,Sometimes
66452f8e6f5cff92c469b400,30151,Rarely,Always,Sometimes,Sometimes,Never,Rarely,Sometimes,Always,Sometimes,Rarely,Sometimes,Always,Sometimes,Always,Always,Sometimes,Rarely,Sometimes,Always,Always,Sometimes
65fd9f5adfdfd71d92463671,30152,Always,Rarely,Rarely,Rarely,Always,Always,Rarely,Always,Rarely,Always,Always,Rarely,Rarely,Rarely,Rarely,Always,Always,Sometimes,Rarely,Always,Always
66116329fca98e8641c2483e,30153,Always,Rarely,Rarely,Rarely,Sometimes,Sometimes,Sometimes,Always,Sometimes,Always,Always,Rarely,Sometimes,Rarely,Never,Always,Sometimes,Always,Always,Sometimes,Sometimes
5e453c5cb1a5c9000db105da,30154,Always,Sometimes,Sometimes,Sometimes,Rarely,Rarely,Sometimes,Always,Sometimes,Rarely,Rarely,Always,Sometimes,Sometimes,Sometimes,Rarely,Rarely,Always,Always,Sometimes,Sometimes
65ad47397526e114408593b4,30155,Sometimes,Rarely,Sometimes,Sometimes,Sometimes,Rarely,Sometimes,Always,Sometimes,Sometimes,Sometimes,Sometimes,Sometimes,Always,Sometimes,Always,Always,Sometimes,Sometimes,Sometimes,Sometimes
632ceafce1ba9fd51c9de424,30156,Sometimes,Rarely,Never,Sometimes,Sometimes,Sometimes,Sometimes,Always,Sometimes,Sometimes,Sometimes,Sometimes,Sometimes,Sometimes,Sometimes,Sometimes,Sometimes,Sometimes,Sometimes,Sometimes,Always
663de1024ee41aba82ff7da5,30157,Sometimes,Sometimes,Rarely,Rarely,Sometimes,Always,Sometimes,Always,Rarely,Always,Rarely,Rarely,Never,Sometimes,Never,Sometimes,Sometimes,Sometimes,Sometimes,Always,Sometimes
664b4f18f9e6ba4fff639b4c,30158,Sometimes,Rarely,Rarely,Sometimes,Sometimes,Sometimes,Rarely,Always,Sometimes,Rarely,Sometimes,Sometimes,Rarely,Rarely,Sometimes,Sometimes,Sometimes,Sometimes,Sometimes,Sometimes,Sometimes
6619a46e2a432f1c797265db,30159,Always,Never,Never,Never,Always,Sometimes,Rarely,Always,Rarely,Always,Always,Rarely,Rarely,Rarely,Rarely,Always,Always,Sometimes,Rarely,Always,Always
63eab29693a6eb7fd0174010,30160,Rarely,Always,Always,Always,Never,Rarely,Always,Always,Always,Sometimes,Rarely,Always,Always,Always,Always,Never,Never,Sometimes,Always,Never,Never
6449b6ac80df4eb6727b570c,30161,Sometimes,Rarely,Sometimes,Rarely,Sometimes,Sometimes,Rarely,Always,Sometimes,Sometimes,Sometimes,Rarely,Sometimes,Sometimes,Rarely,Sometimes,Sometimes,Sometimes,Sometimes,Sometimes,Sometimes
56d39b96da2aaa000dab6178,30162,Rarely,Always,Always,Always,Never,Never,Always,Always,Always,Sometimes,Never,Always,Always,Always,Always,Never,Never,Always,Always,Never,Never
60fc66d97941f40870f6e303,30163,Rarely,Always,Always,Always,Never,Rarely,Always,Always,Sometimes,Sometimes,Rarely,Always,Sometimes,Always,Always,Rarely,Rarely,Sometimes,Always,Rarely,Rarely
663043f63dbecb9fd3c400e8,30164,Sometimes,Rarely,Never,Rarely,Never,Sometimes,Rarely,Always,Sometimes,Rarely,Sometimes,Sometimes,Rarely,Never,Never,Sometimes,Always,Always,Sometimes,Always,Always
663eb80facfdb0135f471626,30165,Sometimes,Never,Never,Never,Sometimes,Rarely,Never,Always,Rarely,Rarely,Sometimes,Rarely,Rarely,Rarely,Never,Sometimes,Always,Sometimes,Rarely,Always,Always
63f226e602d56e2ab3623b2f,30166,Always,Rarely,Sometimes,Rarely,Always,Always,Rarely,Always,Never,Sometimes,Sometimes,Rarely,Rarely,Rarely,Rarely,Sometimes,Sometimes,Sometimes,Rarely,Sometimes,Always
660ee9b478309bf1643a9637,30167,Sometimes,Sometimes,Sometimes,Sometimes,Sometimes,Sometimes,Rarely,Always,Sometimes,Sometimes,Sometimes,Sometimes,Sometimes,Always,Sometimes,Always,Sometimes,Rarely,Rarely,Always,Always
634688daf4776ef459edf673,30168,Always,Rarely,Never,Never,Always,Always,Rarely,Always,Sometimes,Sometimes,Always,Rarely,Never,Rarely,Rarely,Always,Always,Sometimes,Rarely,Always,Always
5f50732850c7c600098593df,30169,Sometimes,Sometimes,Rarely,Sometimes,Sometimes,Rarely,Sometimes,Always,Sometimes,Sometimes,Rarely,Sometimes,Sometimes,Always,Sometimes,Rarely,Rarely,Always,Always,Sometimes,Sometimes
5d63f1c316b801001a4c4423,30170,Sometimes,Sometimes,Rarely,Sometimes,Sometimes,Rarely,Sometimes,Always,Always,Sometimes,Rarely,Sometimes,Sometimes,Sometimes,Sometimes,Sometimes,Always,Sometimes,Always,Rarely,Rarely
628e3b1df14fee48e3b118b8,30171,Sometimes,Rarely,Sometimes,Sometimes,Sometimes,Always,Rarely,Always,Sometimes,Sometimes,Always,Rarely,Sometimes,Rarely,Rarely,Sometimes,Sometimes,Never,Sometimes,Always,Always
5f1088e27a43fe0c64ca5814,30172,Sometimes,Sometimes,Never,Rarely,Sometimes,Sometimes,Sometimes,Always,Sometimes,Sometimes,Sometimes,Rarely,Rarely,Sometimes,Sometimes,Sometimes,Always,Rarely,Rarely,Always,Always
56818073c5767f00121d21c5,30173,Sometimes,Sometimes,Sometimes,Sometimes,Rarely,Rarely,Sometimes,Always,Sometimes,Rarely,Rarely,Sometimes,Sometimes,Sometimes,Sometimes,Rarely,Rarely,Sometimes,Sometimes,Sometimes,Sometimes
5f6cec03d1db331246dc8d1b,30174,Sometimes,Rarely,Rarely,Rarely,Sometimes,Sometimes,Rarely,Always,Rarely,Sometimes,Sometimes,Never,Rarely,Rarely,Never,Sometimes,Sometimes,Never,Rarely,Sometimes,Sometimes
5ec1e646a5533962b5c16fc1,30175,Sometimes,Sometimes,Sometimes,Always,Sometimes,Sometimes,Sometimes,Always,Sometimes,Sometimes,Rarely,Sometimes,Rarely,Sometimes,Always,Sometimes,Sometimes,Sometimes,Sometimes,Always,Sometimes
6234e1fa06407542a9efdd0e,30176,Sometimes,Rarely,Never,Rarely,Sometimes,Rarely,Never,Always,Never,Sometimes,Sometimes,Rarely,Never,Rarely,Rarely,Rarely,Always,Rarely,Sometimes,Always,Always
605116da9a3b2d13a44665a0,30177,Sometimes,Rarely,Never,Never,Always,Sometimes,Rarely,Always,Sometimes,Sometimes,Sometimes,Rarely,Rarely,Never,Never,Never,Sometimes,Never,Rarely,Sometimes,Always
63e51ff21f93dcf52c112028,30178,Never,Never,Never,Never,Never,Rarely,Rarely,Always,Never,Never,Rarely,Never,Never,Never,Never,Always,Always,Never,Never,Always,Always
6310b388f01e898d69b5866e,30179,Sometimes,Never,Rarely,Rarely,Sometimes,Always,Rarely,Always,Rarely,Always,Always,Rarely,Never,Never,Never,Sometimes,Always,Sometimes,Rarely,Always,Always
5e716ca3bea4de092aebb04e,30180,Sometimes,Rarely,Rarely,Rarely,Always,Sometimes,Rarely,Always,Rarely,Sometimes,Always,Rarely,Rarely,Rarely,Rarely,Sometimes,Always,Sometimes,Rarely,Always,Always
5c0fbbd0818591000150daa1,30181,Sometimes,Rarely,Rarely,Rarely,Sometimes,Sometimes,Rarely,Always,Rarely,Sometimes,Sometimes,Rarely,Never,Rarely,Rarely,Always,Sometimes,Sometimes,Sometimes,Always,Always
663cdf516e385e420f653aca,30182,,,,,,,,,,,,,,,,,,,,,
57d2edf35e9bc90001f76b06,30183,Sometimes,Never,Never,Never,Rarely,Sometimes,Rarely,Always,Rarely,Rarely,Sometimes,Rarely,Never,Rarely,Sometimes,Always,Sometimes,Sometimes,Never,Sometimes,Always
663a8b8e17d2b317029bf1c6,30184,Always,Never,Never,Never,Always,Always,Never,Always,Never,Always,Always,Never,Never,Never,Never,Always,Always,Never,Never,Always,Always
5f3c1349262f9fa0b39470c3,30185,Sometimes,Sometimes,Sometimes,Sometimes,Sometimes,Sometimes,Never,Always,Sometimes,Rarely,Sometimes,Sometimes,Sometimes,Sometimes,Sometimes,Sometimes,Sometimes,Sometimes,Sometimes,Sometimes,Sometimes
664bb7edb6762aae1c5348ae,30186,Sometimes,Rarely,Rarely,Sometimes,Sometimes,Sometimes,Rarely,Always,Sometimes,Sometimes,Sometimes,Rarely,Sometimes,Rarely,Rarely,Sometimes,Sometimes,Sometimes,Sometimes,Sometimes,Sometimes
5b06b39f16240200010d70a6,30187,Sometimes,Rarely,Never,Rarely,Always,Always,Never,Always,Rarely,Always,Always,Rarely,Rarely,Rarely,Rarely,Always,Sometimes,Sometimes,Rarely,Always,Always
5c49e145e97243000194bace,30188,Sometimes,Sometimes,Sometimes,Rarely,Sometimes,Rarely,Sometimes,Always,Rarely,Rarely,Sometimes,Rarely,Sometimes,Rarely,Rarely,Sometimes,Sometimes,Sometimes,Sometimes,Sometimes,Sometimes
614bbeb72b50ece145ad86ee,30189,Sometimes,Sometimes,Rarely,Sometimes,Sometimes,Sometimes,Rarely,Always,Rarely,Always,Sometimes,Rarely,Rarely,Rarely,Rarely,Sometimes,Sometimes,Sometimes,Rarely,Sometimes,Sometimes
5a533f6de0cf3d000125fbec,30190,Sometimes,Sometimes,Rarely,Sometimes,Sometimes,Sometimes,Sometimes,Always,Rarely,Sometimes,Always,Sometimes,Sometimes,Sometimes,Sometimes,Always,Always,Always,Sometimes,Sometimes,Sometimes
66465c4eaf35d280ee66b87f,30191,Always,Rarely,Never,Rarely,Sometimes,Sometimes,Never,Always,Sometimes,Sometimes,Sometimes,Always,Rarely,Never,Rarely,Always,Always,Rarely,Rarely,Always,Always
5e8f1eb6bb578701f190229b,30192,Sometimes,Sometimes,Rarely,Rarely,Rarely,Sometimes,Sometimes,Always,Never,Rarely,Sometimes,Rarely,Sometimes,Rarely,Rarely,Sometimes,Sometimes,Sometimes,Sometimes,Sometimes,Rarely
5ce2cde71d1060001a811155,30193,Rarely,Sometimes,Sometimes,Sometimes,Rarely,Rarely,Sometimes,Always,Sometimes,Never,Rarely,Rarely,Always,Always,Rarely,Sometimes,Rarely,Always,Sometimes,Sometimes,Sometimes
5dfa956b247354017ef9e5a5,30194,Sometimes,Rarely,Rarely,Sometimes,Always,Sometimes,Rarely,Always,Rarely,Always,Sometimes,Rarely,Never,Rarely,Rarely,Sometimes,Sometimes,Sometimes,Sometimes,Always,Always
66446d88662725412dc27d06,30195,Rarely,Always,Sometimes,Always,Rarely,Rarely,Always,Always,Sometimes,Rarely,Rarely,Always,Sometimes,Always,Always,Never,Rarely,Sometimes,Always,Rarely,Rarely
664e337b865833e9f8b59991,30196,,,,,,,,,,,,,,,,,,,,,
63e68adecf06a17a744aad3c,30197,Rarely,Sometimes,Sometimes,Sometimes,Never,Rarely,Always,Always,Always,Never,Rarely,Sometimes,Sometimes,Sometimes,Sometimes,Sometimes,Rarely,Sometimes,Sometimes,Rarely,Rarely
647e06e4564c6d08e99046a2,30198,Rarely,Sometimes,Sometimes,Sometimes,Sometimes,Rarely,Sometimes,Always,Sometimes,Rarely,Rarely,Sometimes,Rarely,Rarely,Sometimes,Rarely,Rarely,Sometimes,Sometimes,Rarely,Rarely
5e249f815e04db720e47d872,30199,Sometimes,Sometimes,Rarely,Rarely,Sometimes,Sometimes,Sometimes,Always,Sometimes,Sometimes,Sometimes,Sometimes,Sometimes,Sometimes,Sometimes,Sometimes,Sometimes,Sometimes,Rarely,Always,Always
663d2836d2e6e36adf5c7e1f,30200,Always,Rarely,Rarely,Never,Always,Always,Never,Always,Never,Always,Always,Never,Never,Never,Never,Always,Always,Rarely,Never,Always,Always
66427ed5e60b817db9a6611e,30201,Always,Sometimes,Rarely,Rarely,Sometimes,Sometimes,Rarely,Always,Sometimes,Sometimes,Sometimes,Rarely,Rarely,Rarely,Rarely,Rarely,Always,Never,Sometimes,Always,Always
59a40f8f514a2200017e69dc,30202,Sometimes,Never,Never,Rarely,Sometimes,Sometimes,Never,Always,Never,Always,Always,Rarely,Never,Rarely,Rarely,Always,Always,Rarely,Rarely,Always,Always
6638e099fb3eae53a2724297,30203,Sometimes,Sometimes,Sometimes,Rarely,Sometimes,Sometimes,Rarely,Always,Sometimes,Sometimes,Sometimes,Rarely,Sometimes,Sometimes,Rarely,Sometimes,Sometimes,Sometimes,Rarely,Sometimes,Sometimes
5cc0b9c4e28b2300017fd17f,30204,Always,Sometimes,Never,Never,Sometimes,Sometimes,Sometimes,Always,Always,Sometimes,Sometimes,Always,Sometimes,Rarely,Sometimes,Sometimes,Sometimes,Rarely,Rarely,Sometimes,Rarely
664bb59e21b369593d373323,30205,Always,Rarely,Rarely,Never,Sometimes,Sometimes,Rarely,Always,Sometimes,Sometimes,Sometimes,Never,Rarely,Sometimes,Rarely,Always,Always,Never,Rarely,Always,Always
663b638be7226d4e3fcc255f,30206,Sometimes,Rarely,Never,Rarely,Always,Sometimes,Never,Always,Rarely,Always,Sometimes,Never,Never,Never,Never,Sometimes,Sometimes,Rarely,Rarely,Always,Always
612198f856c9f4f2f02f7046,30207,Sometimes,Always,Always,Always,Never,Never,Always,Always,Sometimes,Sometimes,Rarely,Sometimes,Sometimes,Always,Always,Sometimes,Rarely,Sometimes,Sometimes,Never,Sometimes
64135b04961f6ef6b66bb11f,30208,Always,Rarely,Rarely,Rarely,Sometimes,Sometimes,Rarely,Always,Rarely,Sometimes,Sometimes,Rarely,Rarely,Rarely,Rarely,Sometimes,Sometimes,Sometimes,Rarely,Sometimes,Sometimes
65fbe3363a62eb121444d34d,30209,Sometimes,Sometimes,Sometimes,Sometimes,Rarely,Rarely,Sometimes,Always,Sometimes,Sometimes,Rarely,Sometimes,Sometimes,Sometimes,Sometimes,Rarely,Rarely,Always,Sometimes,Sometimes,Sometimes
65a6f94351af2002c16aa735,30210,Always,Rarely,Rarely,Sometimes,Always,Sometimes,Never,Always,Rarely,Sometimes,Sometimes,Never,Never,Never,Rarely,Always,Always,Rarely,Rarely,Always,Always
66477fadf63452ba73cb1d4f,30211,Sometimes,Sometimes,Never,Never,Always,Sometimes,Rarely,Always,Rarely,Sometimes,Sometimes,Rarely,Never,Never,Rarely,Always,Always,Sometimes,Rarely,Always,Always
642ef01a04c9f327767cde23,30212,Sometimes,Rarely,Rarely,Sometimes,Sometimes,Sometimes,Rarely,Always,Rarely,Sometimes,Sometimes,Rarely,Rarely,Rarely,Rarely,Sometimes,Sometimes,Rarely,Rarely,Always,Always
60465205820f850f2dc6a810,30213,Rarely,Sometimes,Sometimes,Sometimes,Rarely,Rarely,Sometimes,Always,Sometimes,Rarely,Sometimes,Always,Sometimes,Always,Always,Rarely,Never,Sometimes,Sometimes,Rarely,Rarely
60db65ab46d1aba1367aebfc,30214,Sometimes,Rarely,Rarely,Sometimes,Sometimes,Sometimes,Rarely,Always,Rarely,Sometimes,Sometimes,Rarely,Rarely,Sometimes,Rarely,Sometimes,Sometimes,Sometimes,Sometimes,Sometimes,Sometimes
6637c7d9fc91cd7d5c8b0d49,30215,Always,Never,Never,Never,Always,Always,Never,Always,Never,Always,Always,Never,Never,Never,Never,Always,Always,Never,Never,Always,Always
6100c3f0a1cd16bb87069625,30216,Sometimes,Sometimes,Rarely,Sometimes,Sometimes,Sometimes,Rarely,Always,Sometimes,Rarely,Rarely,Sometimes,Sometimes,Rarely,Sometimes,Rarely,Rarely,Sometimes,Sometimes,Sometimes,Sometimes
5f3144b8ec679e5edea7aa70,30217,Sometimes,Rarely,Sometimes,Sometimes,Always,Rarely,Sometimes,Always,Sometimes,Always,Sometimes,Rarely,Rarely,Sometimes,Sometimes,Always,Rarely,Rarely,Sometimes,Sometimes,Sometimes
60e755dd08b47aac26807cd9,30218,Sometimes,Rarely,Never,Rarely,Sometimes,Sometimes,Never,Always,Sometimes,Rarely,Sometimes,Sometimes,Rarely,Never,Sometimes,Always,Always,Sometimes,Rarely,Always,Always
664f8b224e45cda392e70895,30219,Always,Sometimes,Rarely,Never,Always,Sometimes,Never,Always,Never,Sometimes,Sometimes,Sometimes,Never,Rarely,Never,Sometimes,Sometimes,Sometimes,Never,Sometimes,Sometimes
663b26a4f4d837deabb4f277,30220,Sometimes,Never,Never,Rarely,Sometimes,Sometimes,Never,Always,Rarely,Always,Sometimes,Rarely,Never,Never,Never,Always,Always,Rarely,Rarely,Always,Always
60f8763151c55d1cbc5e472e,30221,Rarely,Rarely,Sometimes,Sometimes,Rarely,Rarely,Sometimes,Always,Sometimes,Rarely,Sometimes,Sometimes,Sometimes,Always,Sometimes,Sometimes,Sometimes,Sometimes,Always,Sometimes,Sometimes
60de11d08bb67fc2a1e19c6a,30222,Rarely,Always,Sometimes,Always,Rarely,Rarely,Always,Always,Sometimes,Rarely,Rarely,Sometimes,Always,Always,Always,Rarely,Rarely,Sometimes,Always,Rarely,Rarely
5eb54f7a4686e803f393ab91,30223,Sometimes,Rarely,Sometimes,Sometimes,Never,Rarely,Always,Always,Sometimes,Rarely,Rarely,Always,Sometimes,Sometimes,Sometimes,Rarely,Rarely,Sometimes,Sometimes,Sometimes,Sometimes
6397bcc95a5e903a262566bb,30224,Sometimes,Sometimes,Rarely,Sometimes,Sometimes,Rarely,Rarely,Always,Sometimes,Sometimes,Sometimes,Rarely,Rarely,Sometimes,Sometimes,Sometimes,Sometimes,Sometimes,Sometimes,Sometimes,Sometimes
5a219133b4665b00011fd87a,30225,Sometimes,Sometimes,Rarely,Sometimes,Sometimes,Sometimes,Never,Always,Sometimes,Sometimes,Sometimes,Rarely,Rarely,Sometimes,Rarely,Sometimes,Always,Sometimes,Sometimes,Always,Always
64d901edd0bcbd2cf64d560f,30226,Always,Never,Never,Never,Always,Sometimes,Never,Always,Sometimes,Always,Always,Never,Never,Never,Never,Always,Never,Never,Never,Always,Always
65577438057f7ee7d2f1f700,30227,Rarely,Sometimes,Sometimes,Always,Rarely,Rarely,Sometimes,Always,Sometimes,Sometimes,Rarely,Sometimes,Sometimes,Always,Always,Sometimes,Rarely,Sometimes,Always,Rarely,Sometimes
660995c628f9390d8b2ba235,30228,Sometimes,Sometimes,Sometimes,Sometimes,Sometimes,Sometimes,Sometimes,Always,Sometimes,Always,Sometimes,Sometimes,Sometimes,Sometimes,Sometimes,Rarely,Sometimes,Sometimes,Sometimes,Sometimes,Sometimes
56d1f7f67bbc32000589a588,30229,Rarely,Sometimes,Sometimes,Rarely,Rarely,Rarely,Sometimes,Always,Always,Never,Sometimes,Rarely,Sometimes,Always,Sometimes,Sometimes,Rarely,Sometimes,Sometimes,Sometimes,Sometimes
66085bc92a6ae345cb453ae5,30230,Never,Sometimes,Never,Sometimes,Never,Rarely,Never,Always,Sometimes,Sometimes,Sometimes,Sometimes,Never,Sometimes,Sometimes,Sometimes,Rarely,Sometimes,Sometimes,Always,Always
661c435ac17435f90741aeaf,30231,Sometimes,Never,Never,Never,Always,Always,Never,Always,Rarely,Always,Always,Rarely,Never,Rarely,Rarely,Always,Always,Sometimes,Rarely,Always,Always
663ad56043fe3dec6ceffacd,30232,Sometimes,Sometimes,Sometimes,Sometimes,Always,Sometimes,Rarely,Always,Rarely,Rarely,Sometimes,Rarely,Rarely,Sometimes,Sometimes,Always,Sometimes,Always,Rarely,Always,Always
663e5dbb5370402d04233f92,30233,Sometimes,Sometimes,Sometimes,Sometimes,Sometimes,Sometimes,Sometimes,Always,Sometimes,Sometimes,Sometimes,Sometimes,Rarely,Sometimes,Sometimes,Sometimes,Sometimes,Rarely,Sometimes,Sometimes,Sometimes
663e55eb0dead5d035f3b76e,30234,Sometimes,Sometimes,Always,Sometimes,Always,Rarely,Rarely,Always,Always,Rarely,Sometimes,Always,Sometimes,Always,Always,Never,Sometimes,Always,Sometimes,Sometimes,Rarely
634696400ff1ac25ed01ad11,30235,Sometimes,Always,Always,Always,Never,Sometimes,Always,Always,Always,Rarely,Rarely,Always,Always,Always,Always,Rarely,Rarely,Always,Always,Rarely,Rarely
6612d0a9046c003fef7f5e16,30236,Always,Never,Never,Rarely,Always,Always,Never,Always,Rarely,Rarely,Always,Rarely,Rarely,Rarely,Rarely,Always,Always,Rarely,Rarely,Always,Always
660c5b8673b8719d3a12209c,30237,Sometimes,Rarely,Rarely,Sometimes,Sometimes,Always,Never,Always,Sometimes,Sometimes,Always,Sometimes,Rarely,Sometimes,Sometimes,Never,Always,Never,Sometimes,Always,Always
6641af97ce9ca0d0d9bf2c92,30238,Sometimes,Rarely,Sometimes,Sometimes,Sometimes,Sometimes,Sometimes,Always,Rarely,Always,Sometimes,Sometimes,Rarely,Rarely,Sometimes,Sometimes,Sometimes,Sometimes,Sometimes,Sometimes,Sometimes
6652ebf661e5b27af08d0e91,30239,Rarely,Always,Always,Always,Never,Never,Always,Always,Always,Never,Rarely,Always,Always,Always,Always,Never,Never,Always,Always,Never,Never
6613a814a0c2d6cb21da8ef8,30240,Sometimes,Rarely,Rarely,Rarely,Always,Sometimes,Rarely,Always,Rarely,Sometimes,Sometimes,Rarely,Rarely,Rarely,Rarely,Always,Sometimes,Never,Rarely,Always,Always
6638d72b0c96b84a0972225b,30241,Sometimes,Rarely,Rarely,Rarely,Sometimes,Sometimes,Rarely,Always,Rarely,Sometimes,Sometimes,Sometimes,Rarely,Rarely,Rarely,Sometimes,Sometimes,Sometimes,Sometimes,Sometimes,Sometimes
66355fbe799df84584ae9fed,30242,Sometimes,Always,Rarely,Always,Sometimes,Sometimes,Rarely,Always,Sometimes,Sometimes,Rarely,Sometimes,Sometimes,Sometimes,Sometimes,Rarely,Rarely,Sometimes,Sometimes,Sometimes,Sometimes
63be6aae1b65a42e794770ee,30243,Sometimes,Rarely,Rarely,Rarely,Always,Sometimes,Sometimes,Always,Sometimes,Always,Sometimes,Rarely,Sometimes,Sometimes,Rarely,Rarely,Sometimes,Rarely,Sometimes,Always,Always
6616fb992e894124c444e560,30244,Sometimes,Sometimes,Rarely,Sometimes,Never,Rarely,Never,Always,Sometimes,Sometimes,Sometimes,Sometimes,Sometimes,Rarely,Rarely,Always,Sometimes,Rarely,Sometimes,Sometimes,Always
6621503c947e5e6fe7830f1e,30245,Always,Never,Never,,Always,Always,Never,Always,Never,Sometimes,Always,Never,Never,Never,,Always,Always,Sometimes,Never,Always,Always
6324d39a34afdb6e1f9e5b59,30246,Always,Never,Never,Never,Always,Always,Never,Always,Never,Always,Always,Never,Never,Never,Never,Always,Always,Never,Never,Always,Always
66399f327bcc9d26d0dc7542,30247,Sometimes,Rarely,Sometimes,Sometimes,Sometimes,Sometimes,Sometimes,Always,Never,Always,Sometimes,Sometimes,Sometimes,Sometimes,Sometimes,Sometimes,Sometimes,Never,Sometimes,Sometimes,Sometimes
56875435369319000c26947d,30248,Rarely,Always,Sometimes,Sometimes,Sometimes,Rarely,Sometimes,Always,Sometimes,Sometimes,Sometimes,Rarely,Rarely,Rarely,Sometimes,Sometimes,Sometimes,Rarely,Rarely,Sometimes,Rarely
60b610d8c3c4f177c8337729,30249,Rarely,Never,Never,Never,Never,Sometimes,Never,Always,Never,Rarely,Sometimes,Never,Never,Never,Never,Never,Never,Sometimes,Rarely,Never,Never
66103f5ad914390d96262539,30250,Always,Sometimes,Rarely,Sometimes,Always,Sometimes,Rarely,Always,Rarely,Sometimes,Sometimes,Rarely,Never,Never,Rarely,Always,Always,Sometimes,Sometimes,Always,Always
65f6d8993df9f5cc02ff0a38,30251,Always,Sometimes,Always,Sometimes,Sometimes,Rarely,Sometimes,Always,Sometimes,Sometimes,Sometimes,Rarely,Sometimes,Sometimes,Always,Sometimes,Sometimes,Sometimes,Always,Sometimes,Sometimes
64d50a995a3627ba7ebeccb7,30252,Sometimes,Never,Never,Never,Sometimes,Sometimes,Never,Always,Rarely,Sometimes,Always,Never,Never,Rarely,Never,Always,Always,Sometimes,Never,Always,Always
577173988445140001a36edb,30253,Sometimes,Sometimes,Sometimes,Sometimes,Rarely,Sometimes,Sometimes,Always,Sometimes,Rarely,Sometimes,Sometimes,Sometimes,Sometimes,Sometimes,Rarely,Sometimes,Sometimes,Sometimes,Sometimes,Sometimes
662309d79b7522788cc54315,30254,Sometimes,Sometimes,Rarely,Rarely,Sometimes,Sometimes,Rarely,Always,Rarely,Sometimes,Sometimes,Rarely,Never,Sometimes,Sometimes,Rarely,Sometimes,Sometimes,Sometimes,Always,Always
663cf14f72401638bda502ec,30255,Sometimes,Sometimes,Rarely,Rarely,Sometimes,Sometimes,Rarely,Always,Rarely,Sometimes,Sometimes,Never,Rarely,Sometimes,Sometimes,Sometimes,Sometimes,Sometimes,Sometimes,Sometimes,Sometimes
5beaf551ef9cd800015c658d,30256,Sometimes,Rarely,Rarely,Rarely,Sometimes,Sometimes,Rarely,Always,Sometimes,Sometimes,Sometimes,Sometimes,Rarely,Sometimes,Sometimes,Sometimes,Sometimes,Rarely,Sometimes,Sometimes,Sometimes
6335c7aa782a6330c0f83437,30257,Sometimes,Never,Never,Never,Sometimes,Sometimes,Never,Always,Rarely,Rarely,Sometimes,Rarely,Never,Never,Never,Always,Always,Sometimes,Rarely,Always,Always
663e721c25f558c476b26fa6,30258,Always,Never,Never,Rarely,Rarely,Rarely,Sometimes,Always,Sometimes,Rarely,Always,Rarely,Never,Rarely,Rarely,Always,Rarely,Always,Never,Always,Always
614a7143c781eb645f3e8760,30259,Sometimes,Sometimes,Rarely,Rarely,Rarely,Rarely,Rarely,Always,Sometimes,Sometimes,Sometimes,Never,Never,Rarely,Rarely,Sometimes,Sometimes,Rarely,Rarely,Sometimes,Sometimes
60ef2700e476748689a999f7,30260,Sometimes,Never,Rarely,Never,Sometimes,Sometimes,Never,Always,Rarely,Sometimes,Always,Never,Never,Rarely,Never,Always,Always,Sometimes,Never,Always,Sometimes
63d96ff56b577f6ac10e5f6c,30261,Sometimes,Sometimes,Rarely,Rarely,Sometimes,Sometimes,Rarely,Always,Sometimes,Sometimes,Sometimes,Rarely,Rarely,Sometimes,Sometimes,Sometimes,Rarely,Sometimes,Sometimes,Sometimes,Sometimes
57c957626736cf0001b31f39,30262,Always,Rarely,Never,Never,Always,Always,Never,Always,Rarely,Sometimes,Always,Rarely,Rarely,Rarely,Rarely,Always,Always,Sometimes,Rarely,Always,Always
60fcc58f020a0d9d03ce0e2e,30263,Sometimes,Rarely,Never,Never,Sometimes,Always,Never,Always,Never,Sometimes,Always,Never,Never,Never,Rarely,Sometimes,Always,Sometimes,Rarely,Always,Always
5640c3ff074be600115e9e40,30264,Rarely,Never,Never,Rarely,Rarely,Sometimes,Never,Always,Sometimes,Rarely,Rarely,Sometimes,Rarely,Rarely,Rarely,Always,Always,Sometimes,Sometimes,Sometimes,Always
5590a34cfdf99b729d4f69dc,30265,Sometimes,Sometimes,Sometimes,Sometimes,Sometimes,Sometimes,Rarely,Always,Sometimes,Sometimes,Rarely,Sometimes,Rarely,Sometimes,Sometimes,Rarely,Rarely,Rarely,Always,Sometimes,Sometimes
65e06828f8952ed833dbb0f8,30266,Sometimes,Rarely,Rarely,Rarely,Sometimes,Sometimes,Rarely,Always,Rarely,Sometimes,Sometimes,Rarely,Rarely,Rarely,Rarely,Sometimes,Sometimes,Rarely,Rarely,Sometimes,Sometimes
662a650b6b7d15a354343ad4,30267,Sometimes,Rarely,Rarely,Rarely,Sometimes,Always,Rarely,Always,Sometimes,Sometimes,Always,Rarely,Never,Rarely,Rarely,Always,Sometimes,Rarely,Rarely,Always,Always
663cce090cbab87a77756fd6,30268,Always,Rarely,Rarely,Rarely,Sometimes,Sometimes,Rarely,Always,Sometimes,Always,Always,Rarely,Never,Rarely,Rarely,Always,Always,Sometimes,Sometimes,Always,Always
6637597e13f7aa1efa9c7c35,30269,Always,Sometimes,Sometimes,Always,Sometimes,Sometimes,Rarely,Always,Sometimes,Sometimes,Sometimes,Always,Sometimes,Sometimes,Sometimes,Always,Sometimes,Rarely,Sometimes,Sometimes,Always
632aa954e9b6a34171a5e7ed,30270,Sometimes,Rarely,Never,Never,Always,Sometimes,Rarely,Always,Rarely,Sometimes,Sometimes,Rarely,Never,Rarely,Rarely,Always,Sometimes,Rarely,Rarely,Sometimes,Always
63ff612a5b78c13aa28fa88c,30271,Never,Never,Never,Never,Never,Rarely,Never,Always,Never,Sometimes,Sometimes,Never,Never,Never,Never,Never,Rarely,Sometimes,Rarely,Never,Rarely
663e6464675410bdb462d097,30272,Sometimes,Rarely,Sometimes,Rarely,Always,Sometimes,Sometimes,Always,Rarely,Sometimes,Sometimes,Rarely,Sometimes,Rarely,Rarely,Sometimes,Rarely,Rarely,Rarely,Rarely,Rarely
63df7a59b46977272b2301a0,30273,Sometimes,Sometimes,Rarely,Rarely,Sometimes,Sometimes,Sometimes,Always,Rarely,Sometimes,Sometimes,Sometimes,Always,Sometimes,Sometimes,Rarely,Sometimes,Always,Sometimes,Sometimes,Sometimes
63469a362ae94cb99d4fd99a,30274,Sometimes,Never,Never,Never,Always,Always,Never,Always,Never,Sometimes,Always,Never,Never,Never,Never,Always,Never,Never,Never,Always,Always
66375c6870026a3f1c97e6a4,30275,Sometimes,Always,Always,Rarely,Sometimes,Sometimes,Always,Always,Sometimes,Sometimes,Sometimes,Always,Rarely,Rarely,Sometimes,Sometimes,Rarely,Always,Sometimes,Sometimes,Always
6384f755b4cc19e1153f51bb,30276,Sometimes,Rarely,Rarely,Rarely,Sometimes,Sometimes,Sometimes,Always,Sometimes,Sometimes,Always,Rarely,Rarely,Sometimes,Sometimes,Sometimes,Sometimes,Sometimes,Sometimes,Always,Always
63d043863d3ac95993dca399,30277,Always,Rarely,Rarely,Rarely,Sometimes,Sometimes,Rarely,Always,Rarely,Sometimes,Sometimes,Rarely,Rarely,Never,Rarely,Rarely,Sometimes,Sometimes,,Sometimes,Always
65f2b4fbf079916998f3eeb2,30278,Sometimes,Rarely,Always,Sometimes,Always,Always,Rarely,Always,Rarely,Sometimes,Always,Rarely,Rarely,Sometimes,Rarely,Sometimes,Sometimes,Sometimes,Rarely,Sometimes,Sometimes
642f3188cc01a6b87e28a081,30279,Rarely,Sometimes,Always,Always,Rarely,Rarely,Sometimes,Always,Always,Rarely,Rarely,Sometimes,Sometimes,Always,Sometimes,Sometimes,Rarely,Sometimes,Always,Rarely,Rarely
6635094ecc9fc38e03f88ece,30280,Sometimes,Rarely,Always,Sometimes,Sometimes,Always,Rarely,Always,Sometimes,Sometimes,Sometimes,Rarely,Sometimes,Sometimes,Always,Sometimes,Rarely,Always,Sometimes,Sometimes,Always
65959bc3476ed902e418d1b8,30281,Sometimes,Sometimes,Sometimes,Sometimes,Rarely,Sometimes,Sometimes,Always,Sometimes,Sometimes,Sometimes,Sometimes,Sometimes,Sometimes,Sometimes,Rarely,Rarely,Always,Sometimes,Rarely,Sometimes
5c49d339b43d260001e4dbcb,30282,Sometimes,Sometimes,Rarely,Sometimes,Sometimes,Sometimes,Rarely,Always,Sometimes,Sometimes,Sometimes,Sometimes,Rarely,Sometimes,Sometimes,Sometimes,Sometimes,Rarely,Sometimes,Sometimes,Sometimes
5c755c061e58be00156df988,30283,Sometimes,Rarely,Sometimes,Sometimes,Rarely,Always,Sometimes,Always,Sometimes,Sometimes,Sometimes,Rarely,Sometimes,Sometimes,Sometimes,Sometimes,Sometimes,Sometimes,Sometimes,Rarely,Sometimes
60e0e2d9a207ba546969b432,30284,Sometimes,Sometimes,Rarely,Sometimes,Rarely,Rarely,Sometimes,Always,Always,Sometimes,Sometimes,Sometimes,Sometimes,Rarely,Rarely,Rarely,Sometimes,Sometimes,Rarely,Sometimes,Sometimes
5b0c82406ff4ee0001db28d1,30285,Sometimes,Never,Never,Never,Always,Sometimes,Never,Always,Sometimes,Sometimes,Sometimes,Rarely,Never,Rarely,Rarely,Sometimes,Always,Sometimes,Rarely,Always,Always
60778a5b86067c00dfec3e79,30286,Sometimes,Rarely,Rarely,Rarely,Always,Sometimes,Rarely,Always,Sometimes,Sometimes,Sometimes,Rarely,Rarely,Rarely,Rarely,Always,Always,Rarely,Sometimes,Always,Always
5bd893be30bfa90001efc6ce,30287,Sometimes,Sometimes,Rarely,Sometimes,Sometimes,Rarely,Sometimes,Always,Sometimes,Always,Sometimes,Sometimes,Rarely,Always,Sometimes,Rarely,Rarely,Rarely,Sometimes,Sometimes,Sometimes
5d6fc9b0a676c8001aeec9c4,30288,Rarely,Always,Sometimes,Sometimes,Never,Rarely,Sometimes,Always,Sometimes,Rarely,Sometimes,Sometimes,Sometimes,Always,Sometimes,Never,Rarely,Always,Sometimes,Rarely,Sometimes
62b445062f732535911f91b7,30289,Sometimes,Never,Never,Rarely,Never,Sometimes,Rarely,Always,Sometimes,Rarely,Sometimes,Sometimes,Rarely,Always,Rarely,Sometimes,Always,Sometimes,Rarely,Always,Sometimes
66480f524368d3c205090ce0,30290,Always,Never,Never,Never,Sometimes,Sometimes,Rarely,Always,Rarely,Sometimes,Always,Rarely,Never,Rarely,Rarely,Sometimes,Always,Sometimes,Rarely,Sometimes,Always
5d340eedc5edfe0001f7c3f9,30291,Sometimes,Always,Never,Sometimes,Never,Rarely,Sometimes,Always,Always,Rarely,Sometimes,Always,Rarely,Sometimes,Always,Never,Rarely,Always,Sometimes,Rarely,Rarely
65a80bfd4ef24b598707a8c3,30292,Sometimes,Never,Never,Never,Rarely,Sometimes,Sometimes,Always,Sometimes,Rarely,Always,Sometimes,Sometimes,Sometimes,Never,Always,Always,Always,Sometimes,Sometimes,Always
5f0333df099f494ed223e66a,30293,Sometimes,Sometimes,Rarely,Sometimes,Sometimes,Rarely,Rarely,Always,Sometimes,Sometimes,Sometimes,Sometimes,Rarely,Always,Sometimes,Sometimes,Sometimes,Rarely,Sometimes,Sometimes,Sometimes
6647553d43a5c4dd9a129193,30294,Sometimes,Rarely,Rarely,Sometimes,Sometimes,Sometimes,Sometimes,Always,Rarely,Always,Sometimes,Never,Sometimes,Rarely,Rarely,Always,Sometimes,Sometimes,Rarely,Sometimes,Sometimes
664b66162c93f4cb8d9224a6,30295,Rarely,Sometimes,Rarely,Never,Sometimes,Rarely,Rarely,Always,Always,Sometimes,Sometimes,Sometimes,Sometimes,Sometimes,Rarely,Sometimes,Rarely,Never,Always,Sometimes,Sometimes
5c4d87576aeb5d00010184f8,30296,Sometimes,Sometimes,Rarely,Never,Sometimes,Sometimes,Sometimes,Always,Sometimes,Sometimes,Sometimes,Rarely,Sometimes,Sometimes,Rarely,Sometimes,Rarely,Rarely,Sometimes,Sometimes,Sometimes
5b71d15cc727a90001530313,30297,Sometimes,Never,Never,Never,Always,Sometimes,Never,Always,Sometimes,Sometimes,Always,Rarely,Never,Never,Never,Always,Always,Rarely,Rarely,Always,Always
63e51be37501e0245d559a51,30298,Sometimes,Rarely,Rarely,Rarely,Sometimes,Sometimes,Rarely,Always,Sometimes,Always,Sometimes,Rarely,Sometimes,Sometimes,Rarely,Sometimes,Sometimes,Rarely,Sometimes,Always,Always
660468936857e5fb0964cd60,30299,Sometimes,Sometimes,Sometimes,Sometimes,Always,Sometimes,Rarely,Always,Sometimes,Sometimes,Sometimes,Rarely,Sometimes,Sometimes,Sometimes,Sometimes,Sometimes,Rarely,Sometimes,Sometimes,Sometimes
6640d342df9b836c0cc1b383,30300,Sometimes,Rarely,Sometimes,Rarely,Sometimes,Rarely,Always,Always,Always,Rarely,Rarely,Rarely,Never,Always,Rarely,Sometimes,Rarely,Sometimes,Always,Sometimes,Rarely
6651fc6fa76f8668988064e8,30301,Always,Sometimes,Never,Sometimes,Always,Sometimes,Sometimes,Always,Sometimes,Sometimes,Sometimes,Rarely,Rarely,Sometimes,Rarely,Sometimes,Sometimes,Sometimes,Rarely,Always,Always
5e1c6f19a411c946eb012481,30302,Rarely,Sometimes,Rarely,Sometimes,Sometimes,Sometimes,Rarely,Always,Sometimes,Sometimes,Sometimes,Sometimes,Sometimes,Sometimes,Sometimes,Always,Sometimes,Sometimes,Rarely,Sometimes,Sometimes
60c347136d0a78b90bbd88e6,30303,Sometimes,Sometimes,Sometimes,Sometimes,Rarely,Rarely,Sometimes,Always,Sometimes,Rarely,Rarely,Sometimes,Sometimes,Sometimes,Sometimes,Rarely,Rarely,Sometimes,Sometimes,Rarely,Rarely
65e033591f7a113b3e710126,30304,Sometimes,Rarely,Rarely,Rarely,Always,Sometimes,Never,Always,Never,Sometimes,Sometimes,Never,Never,Sometimes,Never,Sometimes,Sometimes,Sometimes,Rarely,Sometimes,Sometimes
5c846aba6a4b9b0016c854f5,30305,Always,Sometimes,Rarely,Rarely,Always,Always,Rarely,Always,Sometimes,Sometimes,Sometimes,Rarely,Never,Rarely,Rarely,Sometimes,Always,Sometimes,Rarely,Always,Always
664b720c4ee85c7c991afdc4,30306,Sometimes,Sometimes,Rarely,Sometimes,Rarely,Rarely,Sometimes,Always,Sometimes,Rarely,Sometimes,Sometimes,Rarely,Sometimes,Sometimes,Rarely,Rarely,Sometimes,Rarely,Always,Always
5bd86f63eb7da20001b4334a,30307,Sometimes,Sometimes,Always,Sometimes,Sometimes,Sometimes,Sometimes,Always,Rarely,Sometimes,Sometimes,Sometimes,Rarely,Rarely,Sometimes,Rarely,Sometimes,Rarely,Sometimes,Sometimes,Sometimes
559272f4fdf99b7e42e96932,30308,Sometimes,Rarely,Never,Never,Sometimes,Sometimes,Never,Always,Rarely,Sometimes,Sometimes,Rarely,Never,Rarely,Rarely,Sometimes,Sometimes,Rarely,Rarely,Sometimes,Always
56eb00e515ef53000b46726c,30309,Sometimes,Rarely,Rarely,Rarely,Always,Sometimes,Never,Always,Never,Sometimes,Always,Rarely,Never,Rarely,Never,Always,Sometimes,Rarely,Rarely,Always,Always
662e46833238ec021abe2648,30310,Sometimes,Rarely,Never,Rarely,Sometimes,Sometimes,Rarely,Always,Rarely,Rarely,Sometimes,Never,Rarely,Never,Sometimes,Sometimes,Sometimes,Sometimes,Rarely,Sometimes,Always
6614459617c24f065809b075,30311,Sometimes,Sometimes,Rarely,Sometimes,Always,Sometimes,Sometimes,Always,Rarely,Rarely,Sometimes,Sometimes,Rarely,Rarely,Sometimes,Sometimes,Sometimes,Always,Rarely,Always,Sometimes
66379fd76b0309b8f0588428,30312,Sometimes,Sometimes,Sometimes,Sometimes,Sometimes,Sometimes,Rarely,Always,Sometimes,Sometimes,Sometimes,Sometimes,Rarely,Sometimes,Rarely,Always,Always,Sometimes,Rarely,Always,Always
62e185484154c451882a8a3d,30313,Always,Rarely,Never,Never,Always,Sometimes,Never,Always,Never,Always,Sometimes,Never,Never,Never,Rarely,Always,Always,Never,Never,Always,Always
65c10e1bba59f80070501946,30314,Rarely,Always,Always,Always,Never,Never,Always,Always,Always,Never,Never,Always,Always,Always,Always,Never,Never,Always,Always,Never,Never
5720da35951c9b0011d3dfe0,30315,Rarely,Sometimes,Sometimes,Sometimes,Rarely,Never,Sometimes,Always,Sometimes,Sometimes,Rarely,Sometimes,Sometimes,Always,Sometimes,Rarely,Never,Always,Sometimes,Rarely,Rarely
6413799cf7721ee0ce637e09,30316,Rarely,Sometimes,Sometimes,Sometimes,Rarely,Rarely,Sometimes,Always,Sometimes,Rarely,Rarely,Sometimes,Sometimes,Sometimes,Sometimes,Rarely,Rarely,Sometimes,Sometimes,Rarely,Rarely
5d4225e01985380018375d83,30317,Sometimes,Sometimes,Rarely,Sometimes,Rarely,Sometimes,Sometimes,Always,Sometimes,Always,Sometimes,Rarely,Rarely,Rarely,Rarely,Sometimes,Sometimes,Sometimes,Sometimes,Always,Always
6595401ba900990efec010cd,30318,Always,Rarely,Never,Never,Always,Always,Never,Always,Never,Sometimes,Always,Never,Never,Never,Never,Always,Always,Sometimes,Never,Always,Always
66476990b8c4a981b418584a,30319,Always,Never,Never,Rarely,Always,Always,Never,Always,Rarely,Always,Always,Rarely,Never,Rarely,Rarely,Always,Always,Sometimes,Rarely,Always,Always
663e5cf112f5d047cf5c9fad,30320,Rarely,Rarely,Never,Sometimes,Never,Never,Sometimes,Always,Sometimes,Sometimes,Sometimes,Sometimes,Rarely,Sometimes,Always,Rarely,Rarely,Sometimes,Rarely,Always,Always
5615f3a47ffc8a000f812714,30321,Rarely,Sometimes,Sometimes,Rarely,Never,Never,Always,Always,Always,Sometimes,Rarely,Always,Always,Sometimes,Always,Rarely,Rarely,Always,Always,Rarely,Sometimes
5f549c619d2d4c808c789226,30322,Rarely,Rarely,Never,Never,Rarely,Sometimes,Never,Always,Rarely,Sometimes,Sometimes,Sometimes,Never,Never,Sometimes,Always,Always,Rarely,Never,Always,Always
6606d4f4acdc3a6b8200c0ee,30323,Sometimes,Sometimes,Sometimes,Sometimes,Rarely,Sometimes,Sometimes,Always,Sometimes,Sometimes,Sometimes,Sometimes,Sometimes,Sometimes,Sometimes,Sometimes,Sometimes,Sometimes,Sometimes,Rarely,Sometimes
662c647fa4bc4e296e3e06fa,30324,Sometimes,Sometimes,Rarely,Sometimes,Rarely,Rarely,Sometimes,Always,Sometimes,Sometimes,Sometimes,Always,Sometimes,Sometimes,Always,Sometimes,Rarely,Sometimes,Sometimes,Rarely,Rarely
66310bdf15d4ae07f1daf351,30325,Sometimes,Never,Never,Never,Sometimes,Sometimes,Never,Always,Rarely,Sometimes,Always,Never,Never,Never,Never,Always,Always,Never,Never,Always,Always
62029bb4ef1cb18a1337c8a8,30326,Sometimes,Sometimes,Rarely,Sometimes,Rarely,Rarely,Always,Always,Rarely,Always,Rarely,Sometimes,Sometimes,Sometimes,Rarely,Rarely,Rarely,Never,Always,Always,Sometimes
660ec28afc34e605e925c38e,30327,Sometimes,Sometimes,Sometimes,Sometimes,Never,Rarely,Always,Always,Sometimes,Rarely,Rarely,Sometimes,Sometimes,Always,Sometimes,Rarely,Rarely,Never,Sometimes,Rarely,Rarely
5dad4c34b3446a0015e3de93,30328,Sometimes,Always,Sometimes,Always,Sometimes,Sometimes,Sometimes,Always,Sometimes,Rarely,Rarely,Sometimes,Always,Always,Always,Rarely,Never,Sometimes,Always,Rarely,Rarely
63081277b75c8ad53e5149b7,30329,Sometimes,Rarely,Sometimes,Sometimes,Always,Sometimes,Sometimes,Always,Sometimes,Sometimes,Sometimes,Sometimes,Sometimes,Always,Sometimes,Rarely,Sometimes,Sometimes,Sometimes,Sometimes,Always
62729ff6b6e5922c7cc5f2dd,30330,Sometimes,Never,Never,Rarely,Always,Always,Never,Always,Rarely,Always,Always,Never,Never,Never,Never,Always,Always,Sometimes,Rarely,Always,Always
5f084a7987a3fe028ff65b8a,30331,Always,Never,Never,Rarely,Always,Always,Never,Always,Never,Always,Always,Never,Never,Never,Never,Always,Always,Rarely,Never,Always,Always
58747a3875946e0001ba07cf,30332,Always,Rarely,Sometimes,Rarely,Always,Sometimes,Rarely,Always,Rarely,Sometimes,Sometimes,Rarely,Rarely,Never,Sometimes,Always,Sometimes,Rarely,Sometimes,Always,Always
5e531b2205acdb33c0f5f24c,30333,Sometimes,Sometimes,Rarely,Sometimes,Sometimes,Sometimes,Rarely,Always,Sometimes,Sometimes,Sometimes,Rarely,Never,Rarely,Sometimes,Sometimes,Rarely,Rarely,Rarely,Sometimes,Sometimes
62ed458d61ebd1930833e95a,30334,Sometimes,Always,Sometimes,Sometimes,Rarely,Rarely,Always,Always,Always,Rarely,Rarely,Sometimes,Sometimes,Always,Always,Rarely,Sometimes,Sometimes,Sometimes,Sometimes,Sometimes
6568ead5dfb561c3ba7850a4,30335,Sometimes,Never,Never,Never,Sometimes,Sometimes,Rarely,Always,Rarely,Rarely,Always,Never,Never,Never,Never,Never,Always,Always,Never,Always,Always
6607c1cd4965347df24d145c,30336,Rarely,Sometimes,Sometimes,Sometimes,Always,Rarely,Rarely,Always,Always,Always,Sometimes,Sometimes,Sometimes,Always,Always,Sometimes,Sometimes,Rarely,Sometimes,Rarely,Sometimes
5b4f6da7bdd8af000144c7df,30337,Sometimes,Sometimes,Sometimes,Sometimes,Never,Never,Rarely,Always,Rarely,Rarely,Sometimes,Sometimes,Never,Rarely,Sometimes,Sometimes,Sometimes,Always,Rarely,Always,Sometimes
660426f5e704c43b9df81686,30338,Always,Sometimes,Always,Sometimes,Sometimes,Sometimes,Always,Always,Rarely,Rarely,Rarely,Never,Sometimes,Always,Sometimes,Rarely,Rarely,Always,Sometimes,Sometimes,Rarely
61507c30291069d83501fdad,30339,Sometimes,Rarely,Never,Never,Always,Sometimes,Never,Always,Rarely,Always,Sometimes,Rarely,Rarely,Rarely,Rarely,Always,Sometimes,Rarely,Rarely,Always,Sometimes
5f0d2ad60ad0d6730c380b05,30340,Rarely,Sometimes,Sometimes,Sometimes,Rarely,Rarely,Sometimes,Always,Sometimes,Sometimes,Rarely,Sometimes,Sometimes,Always,Sometimes,Rarely,Rarely,Sometimes,Sometimes,Sometimes,Sometimes
5ff45beefdb6e6b063b4c520,30341,Sometimes,Rarely,Rarely,Sometimes,Rarely,Sometimes,Sometimes,Always,Sometimes,Rarely,Rarely,Sometimes,Sometimes,Sometimes,Sometimes,Sometimes,Rarely,Rarely,Sometimes,Sometimes,Rarely
6603d47c436bc4cbabc108bc,30342,Always,Never,Never,Never,Always,Always,Never,Always,Never,Always,Always,Never,Never,Never,Never,Always,Always,Rarely,Never,Always,Always
65f54bfd77f3db0d47887b37,30343,Sometimes,Always,Sometimes,Sometimes,Never,Never,Always,Always,Always,Rarely,Rarely,Always,Always,Always,Always,Never,Never,Sometimes,Always,Sometimes,Sometimes
615d051e2366aeb051acb734,30344,Sometimes,Rarely,Rarely,Rarely,Sometimes,Sometimes,Rarely,Always,Always,Sometimes,Sometimes,Rarely,Sometimes,Rarely,Rarely,Sometimes,Sometimes,Rarely,Rarely,Always,Always
5ca749ff98b35f0001f7559d,30345,Always,Rarely,Always,Always,Never,Never,Always,Always,Always,Sometimes,Never,Always,Always,Always,Always,Never,Never,Sometimes,Always,Never,Never
5fb0a3d6a8e4224b973e750b,30346,Sometimes,Rarely,Always,Always,Never,Sometimes,Sometimes,Always,Sometimes,Always,Sometimes,Always,Sometimes,Sometimes,Always,Sometimes,Rarely,Sometimes,Sometimes,Sometimes,Sometimes
616cda4e2f5f884cdd46b2eb,30347,Sometimes,Never,Rarely,Never,Always,Sometimes,Rarely,Always,Rarely,Rarely,Rarely,Sometimes,Rarely,Rarely,Sometimes,Rarely,Sometimes,Sometimes,Rarely,Sometimes,Sometimes
66364921f91e0213f39248e4,30348,Always,Never,Never,Never,Always,Always,Never,Always,Never,Sometimes,Always,Never,Never,Never,Never,Never,Always,Never,Never,Always,Always
662d12a89738ee339d194585,30349,,,,,,,,,,,,,,,,,,,,,
6638455b9e617dce18cf6d08,30350,Rarely,Sometimes,Rarely,Sometimes,Sometimes,Rarely,Sometimes,Always,Sometimes,Sometimes,Rarely,Sometimes,Rarely,Sometimes,Rarely,Sometimes,Sometimes,Sometimes,Rarely,Rarely,Sometimes
663929054c48656122cd8aa1,30351,Always,Never,Never,Never,Always,Always,Never,Always,Never,Always,Always,Never,Never,Never,Never,Always,Always,Never,Never,Always,Always
60d018cc0f3faeaec2f7b7e5,30352,Always,Never,Never,Never,Always,Always,Never,Always,Never,Always,Always,Never,Never,Never,Never,Always,Always,Never,Never,Always,Always
63eafad399e87039254d1078,30353,Always,Never,Never,Never,Always,Sometimes,Never,Always,Never,Always,Always,Never,Never,Never,Never,Always,Always,Never,Never,Always,Always
