,subID,stimset_rows,chargeSpeeds,responses,movie,trial_num
6,24093,10,1.5,They are peaceful ,29e7c94f-a6bf-4f1d-8ea1-46efbdb6a836,6
6,24066,59,1.5,Slowly coming together to bump each other.,1a8cf3c1-690b-449c-bb36-fd3b251837c1,6
6,24067,90,1.5,Bumping into each other,e838dadb-c02f-4273-ae93-210720dcd06c,6
5,24068,57,1.5,They are kicking a ball.,31e1789e-459a-4f3d-bfdd-2f4c8c4e9f50,5
4,24069,42,1.5,playing frisbee,8ed7c0fc-1490-4e35-a000-7f7357a0772a,4
3,24073,35,1.5,playing with each other,15dfbaca-4429-4c18-90f4-8d4804129e6f,3
3,24059,7,1.5,The dots were slowly drifting together and apart in a repetitive way,38ad4b16-44e2-4e52-8d02-b23eca73a48d,3
3,24074,76,1.5,synchronised dancing,50919f52-6a9c-4824-b24f-2f1aebd58e1b,3
0,24075,46,1.5,playing together ,50919f52-6a9c-4824-b24f-2f1aebd58e1b,0
5,24076,36,1.5,interacting with each other by playing,1a8cf3c1-690b-449c-bb36-fd3b251837c1,5
6,24077,24,1.5,charging,fc87f268-5d06-4cb4-8db9-dbf7fb69a2ce,6
0,24057,12,1.5,They were playing a game together,1f6c6525-a740-48c2-8dfc-9c4fb520c630,0
4,24078,30,1.5,Playing independently near each other,50919f52-6a9c-4824-b24f-2f1aebd58e1b,4
2,24063,0,1.5,Clashing,95aaf072-b6be-4da4-9857-deaf20ab49f2,2
0,24079,38,1.5,Running around,7e595f18-f375-4ca5-b922-61b8d693804d,0
1,24082,93,1.5,Slowly moving and touching one another,31e1789e-459a-4f3d-bfdd-2f4c8c4e9f50,1
3,24054,4,1.5,chase,fc87f268-5d06-4cb4-8db9-dbf7fb69a2ce,3
3,24084,47,1.5,playing a game,38ad4b16-44e2-4e52-8d02-b23eca73a48d,3
6,24085,32,1.5,catch with a ball,1f6c6525-a740-48c2-8dfc-9c4fb520c630,6
3,24086,69,1.5,Playing,15dfbaca-4429-4c18-90f4-8d4804129e6f,3
0,24087,39,1.5,running,d3cc8306-21ab-4f88-ae4f-3970e4cd53ea,0
3,24050,14,1.5,running around the park,81e3fe3f-5a7c-42d3-8ea7-c2bf3831288b,3
2,24089,34,1.5,dancing,38ad4b16-44e2-4e52-8d02-b23eca73a48d,2
1,24091,25,1.5,playing red rover,e838dadb-c02f-4273-ae93-210720dcd06c,1
3,24041,5,1.5,playing catch,b3a507ff-2289-4ad3-8922-1a3d0532e154,3
2,24094,98,1.5,running toward each other,8ed7c0fc-1490-4e35-a000-7f7357a0772a,2
2,24095,64,1.5,just running around,9d425f58-501f-43f3-955e-05126bd09bb5,2
4,24081,1,1.5,moving much slower around,50919f52-6a9c-4824-b24f-2f1aebd58e1b,4
0,24096,33,1.5,Interacting or bumping into each other,9d425f58-501f-43f3-955e-05126bd09bb5,0
2,24062,63,1.5,mirroring one another,d3cc8306-21ab-4f88-ae4f-3970e4cd53ea,2
2,24058,96,1.5,talking and exploring the park,e5e05e73-9cd0-4990-8da2-4962e0a03e5d,2
2,24013,45,1.5,playing and handing each other objects,9d425f58-501f-43f3-955e-05126bd09bb5,2
6,24008,54,1.5,Running back and forth like a relay race,15dfbaca-4429-4c18-90f4-8d4804129e6f,6
6,24017,31,1.5,"the dots were gently bumping into each other repeatedly, much gentler than before",95aaf072-b6be-4da4-9857-deaf20ab49f2,6
6,24020,2,1.5,running and finding each other,8ed7c0fc-1490-4e35-a000-7f7357a0772a,6
3,24021,50,1.5,running around and seeing each other,e5e05e73-9cd0-4990-8da2-4962e0a03e5d,3
0,24022,68,1.5,tag,8ed7c0fc-1490-4e35-a000-7f7357a0772a,0
4,24006,52,1.5,running around ,81e3fe3f-5a7c-42d3-8ea7-c2bf3831288b,4
6,24023,57,1.5,The dots move randomly and then slowly collide or connect with each other.,31e1789e-459a-4f3d-bfdd-2f4c8c4e9f50,6
1,24026,3,1.5,The dots were coming together in a more friendly was,15dfbaca-4429-4c18-90f4-8d4804129e6f,1
4,24029,4,1.5,moving forward and backward,fc87f268-5d06-4cb4-8db9-dbf7fb69a2ce,4
6,24005,27,1.5,moving NW and slowly meeting,8ed7c0fc-1490-4e35-a000-7f7357a0772a,6
4,24031,49,1.5,Hugging,d3cc8306-21ab-4f88-ae4f-3970e4cd53ea,4
3,24061,89,1.5,Meeting and bouncing,50919f52-6a9c-4824-b24f-2f1aebd58e1b,3
3,24034,94,1.5,Engaging in a playful dance,7e595f18-f375-4ca5-b922-61b8d693804d,3
3,24004,88,1.5,bumping,38ad4b16-44e2-4e52-8d02-b23eca73a48d,3
4,24037,65,1.5,hugging,1b1159fc-de2b-4ae5-a736-d98d8524a366,4
1,24043,95,1.5,tag,95aaf072-b6be-4da4-9857-deaf20ab49f2,1
5,24003,85,1.5,aimlessly running around,1b1159fc-de2b-4ae5-a736-d98d8524a366,5
4,24044,43,1.5,mirroring each other,fc87f268-5d06-4cb4-8db9-dbf7fb69a2ce,4
5,24045,92,1.5,hugging,e4bc0778-6eb7-4065-bf77-a9b6e293735f,5
4,24048,67,1.5,high five,1a8cf3c1-690b-449c-bb36-fd3b251837c1,4
2,24049,73,1.5,coming together softly,95aaf072-b6be-4da4-9857-deaf20ab49f2,2
2,24072,11,1.5,gently tapping.,e5e05e73-9cd0-4990-8da2-4962e0a03e5d,2
6,24052,82,1.5,playing football,9d425f58-501f-43f3-955e-05126bd09bb5,6
3,24053,77,1.5,Playing around,e838dadb-c02f-4273-ae93-210720dcd06c,3
6,24055,66,1.5,Handing a ball off back and forth,fc87f268-5d06-4cb4-8db9-dbf7fb69a2ce,6
6,24036,54,1.5,Walking around,15dfbaca-4429-4c18-90f4-8d4804129e6f,6
0,24097,84,1.5,tag,b3a507ff-2289-4ad3-8922-1a3d0532e154,0
1,24056,1,1.5,playing catch,50919f52-6a9c-4824-b24f-2f1aebd58e1b,1
1,24012,87,1.5,repelling,1a8cf3c1-690b-449c-bb36-fd3b251837c1,1
3,24083,7,1.5,Walking around before getting called to walk and meet in a centre point.,38ad4b16-44e2-4e52-8d02-b23eca73a48d,3
2,24025,3,1.5,High fiving each other,15dfbaca-4429-4c18-90f4-8d4804129e6f,2
0,24009,8,1.5,playing tag,9d425f58-501f-43f3-955e-05126bd09bb5,0
6,24010,11,1.5,all the dots came together slowly,e5e05e73-9cd0-4990-8da2-4962e0a03e5d,6
4,24019,14,1.5,"Really lethargic, once contact is made the dots slowly remove themselves.",81e3fe3f-5a7c-42d3-8ea7-c2bf3831288b,4
2,24024,17,1.5,playing independently then making contact,31e1789e-459a-4f3d-bfdd-2f4c8c4e9f50,2
3,24070,24,1.5,pick a ball and drop on the same spot,fc87f268-5d06-4cb4-8db9-dbf7fb69a2ce,3
2,24027,6,1.5,dancing,1b1159fc-de2b-4ae5-a736-d98d8524a366,2
3,24007,13,1.5,Walking,1a8cf3c1-690b-449c-bb36-fd3b251837c1,3
5,24051,23,1.5,The dots were moving to and fro.,31e1789e-459a-4f3d-bfdd-2f4c8c4e9f50,5
4,24015,9,1.5,greeting each other,7e595f18-f375-4ca5-b922-61b8d693804d,4
1,24047,9,1.5,Wrestling,7e595f18-f375-4ca5-b922-61b8d693804d,1
3,24035,19,1.5,moving in slow circles before slowly approaching each other,0e704828-9ccd-480e-8056-3a2a8158df0f,3
1,24038,20,1.5,meeting,e4bc0778-6eb7-4065-bf77-a9b6e293735f,1
1,24018,8,1.5,smooth fight,9d425f58-501f-43f3-955e-05126bd09bb5,1
2,24046,15,1.5,Going to the movies,e838dadb-c02f-4273-ae93-210720dcd06c,2
1,24039,16,1.5,coping each other,e4bc0778-6eb7-4065-bf77-a9b6e293735f,1
3,24042,12,1.5,They are playing musical chairs,1f6c6525-a740-48c2-8dfc-9c4fb520c630,3
0,24030,25,1.5,coming together and then apart and then together again. Playing i reckon,e838dadb-c02f-4273-ae93-210720dcd06c,0
4,24088,21,1.5,Same game slower pace,e5e05e73-9cd0-4990-8da2-4962e0a03e5d,4
1,24071,22,1.5,Interacting in a respectful manner,81e3fe3f-5a7c-42d3-8ea7-c2bf3831288b,1
4,24016,13,1.5,team,1a8cf3c1-690b-449c-bb36-fd3b251837c1,4
6,24001,5,1.5,dancing,b3a507ff-2289-4ad3-8922-1a3d0532e154,6
0,24098,41,1.5,Playing tag,1b1159fc-de2b-4ae5-a736-d98d8524a366,0
6,24100,71,1.5,playing,31e1789e-459a-4f3d-bfdd-2f4c8c4e9f50,6
6,24000,22,1.5,playing,81e3fe3f-5a7c-42d3-8ea7-c2bf3831288b,6
0,24028,6,1.5,the kids were sharing a toy,1b1159fc-de2b-4ae5-a736-d98d8524a366,0
5,24101,82,1.5,Running around,9d425f58-501f-43f3-955e-05126bd09bb5,5
1,24040,23,1.5,"Play fighting, walking around and then attacking",31e1789e-459a-4f3d-bfdd-2f4c8c4e9f50,1
5,24092,18,1.5,Walking around,d3cc8306-21ab-4f88-ae4f-3970e4cd53ea,5
2,24099,86,1.5,They are calmer this time. I would say they are playing together.,1f6c6525-a740-48c2-8dfc-9c4fb520c630,2
0,24090,17,1.5,They collided with each other,31e1789e-459a-4f3d-bfdd-2f4c8c4e9f50,0
4,24043,95,2.75,tag,cc654364-6ba7-42d1-b98c-c44f96b2e4e4,4
3,24047,9,2.75,Fencing,88ff8e25-5b4f-453c-add2-298ef66c683c,3
0,24017,31,2.75,"the dots were colliding, then moving in opposite directions, then colliding again",3fd185a3-34a1-4f1a-9d01-aee3deee3988,0
1,24045,92,2.75,dancing,32110051-52cf-4952-a6e5-4c5fe75760b7,1
2,24014,75,2.75,Slowly touched each other ,3fd185a3-34a1-4f1a-9d01-aee3deee3988,2
4,24013,45,2.75,looking for something and checking with each other,88ff8e25-5b4f-453c-add2-298ef66c683c,4
3,24048,67,2.75,playing,46c1720a-0af5-44e9-b008-09b89ef78bd9,3
0,24046,15,2.75,Playing,94eac034-9d70-40c0-89d4-d9a030a03d26,0
4,24093,10,2.75,The dots were playing ball,215ead11-5650-429d-b541-0b107fbb996a,4
6,24049,73,2.75,coming together then moving apart,215ead11-5650-429d-b541-0b107fbb996a,6
5,24044,43,2.75,bouncing off each other,112b96b3-6518-4053-ad9f-ff77320acc23,5
1,24051,23,2.75,The dots were moving to and fro.,d445e5d9-95ae-4a8f-a6bf-53380fef78b4,1
2,24088,21,2.75,"Same as before, maybe tag game",0bad25fa-4a38-4561-9d35-56f1108797cd,2
0,24037,65,2.75,high fiving,8fa1d226-bf98-4c72-8961-7121546d4a11,0
3,24022,68,2.75,basketball,0bad25fa-4a38-4561-9d35-56f1108797cd,3
6,24026,3,2.75,The dots were playing,8dc79a0d-b826-4ac2-8483-04346b06960d,6
2,24083,7,2.75,Walking around before 1 dot would start moving to a centre point with the other dot reacting and trying to beat the first dot to the centre,32110051-52cf-4952-a6e5-4c5fe75760b7,2
4,24071,22,2.75,Somehow slowly approached one another,59df47e5-696a-407f-aa33-94dab9b3e492,4
5,24029,4,2.75,clicking from side to side,42a6675b-868f-488d-a671-17a04c97ab01,5
0,24052,82,2.75,playing tag,8fa1d226-bf98-4c72-8961-7121546d4a11,0
5,24031,49,2.75,hugging,d445e5d9-95ae-4a8f-a6bf-53380fef78b4,5
3,24032,62,2.75,going down a slide,c49bbdbd-6e52-4da5-887c-72db9cec7d93,3
0,24033,56,2.75,They keep knocking into each other.,94eac034-9d70-40c0-89d4-d9a030a03d26,0
6,24070,24,2.75,playing ball,8fa1d226-bf98-4c72-8961-7121546d4a11,6
4,24034,94,2.75,Enjoying the spacious environment,94eac034-9d70-40c0-89d4-d9a030a03d26,4
4,24036,54,2.75,Tag,46c1720a-0af5-44e9-b008-09b89ef78bd9,4
2,24021,50,2.75,walking around and seeking each other,8fa1d226-bf98-4c72-8961-7121546d4a11,2
3,24023,57,2.75,The dots circle each other and then collide together.,bcca6dd9-a0e7-4373-9ebc-93e6e619ca4a,3
0,24020,2,2.75,running to each other,c3cfe5d9-0b66-460b-a3db-a76a0df825ae,0
0,24092,18,2.75,Playing Tag,d445e5d9-95ae-4a8f-a6bf-53380fef78b4,0
6,24090,17,2.75,They were going very slow and then they crashed,112b96b3-6518-4053-ad9f-ff77320acc23,6
5,24096,33,2.75,"Wanting to interactive with each other, and does, but hesitantly",c496efe1-6c3e-480d-856f-af132dbe7048,5
4,24039,16,2.75,playing hide and seek ,46c1720a-0af5-44e9-b008-09b89ef78bd9,4
5,24079,38,2.75,Hugging,112b96b3-6518-4053-ad9f-ff77320acc23,5
3,24080,37,2.75,Perhaps playing a game,c3cfe5d9-0b66-460b-a3db-a76a0df825ae,3
1,24081,1,2.75,going around in a circle touching for a short time,8fa1d226-bf98-4c72-8961-7121546d4a11,1
2,24012,87,2.75,playing tag,215ead11-5650-429d-b541-0b107fbb996a,2
0,24007,13,2.75,Playing,0bad25fa-4a38-4561-9d35-56f1108797cd,0
6,24082,93,2.75,Chasing ,0bad25fa-4a38-4561-9d35-56f1108797cd,6
0,24084,47,2.75,playing tag,8dc79a0d-b826-4ac2-8483-04346b06960d,0
1,24001,5,2.75,running,204d8c5c-c9ac-4aef-956d-74de8c6eedc4,1
0,24085,32,2.75,playing catch,46c1720a-0af5-44e9-b008-09b89ef78bd9,0
2,24086,69,2.75,Running,c3cfe5d9-0b66-460b-a3db-a76a0df825ae,2
3,24101,82,2.75,Run-up High-fiving,8fa1d226-bf98-4c72-8961-7121546d4a11,3
3,24087,39,2.75,walking and touching,32110051-52cf-4952-a6e5-4c5fe75760b7,3
5,24100,71,2.75,playing,42a6675b-868f-488d-a671-17a04c97ab01,5
6,24089,34,2.75,playing hide and seek,204d8c5c-c9ac-4aef-956d-74de8c6eedc4,6
4,24091,25,2.75,chasing a dragonfly,42a6675b-868f-488d-a671-17a04c97ab01,4
0,24094,98,2.75,playing,c49bbdbd-6e52-4da5-887c-72db9cec7d93,0
0,24099,86,2.75,fighting,bcca6dd9-a0e7-4373-9ebc-93e6e619ca4a,0
6,24098,41,2.75,Playing hide and seek,59df47e5-696a-407f-aa33-94dab9b3e492,6
3,24095,64,2.75,just playing,d445e5d9-95ae-4a8f-a6bf-53380fef78b4,3
4,24009,8,2.75,swings,cc654364-6ba7-42d1-b98c-c44f96b2e4e4,4
0,24042,12,2.75,playing  tag,59df47e5-696a-407f-aa33-94dab9b3e492,0
2,24078,30,2.75,Playing mostly independantly,215ead11-5650-429d-b541-0b107fbb996a,2
1,24077,24,2.75,bouncing ,8fa1d226-bf98-4c72-8961-7121546d4a11,1
4,24053,77,2.75,Playing,8dc79a0d-b826-4ac2-8483-04346b06960d,4
3,24055,66,2.75,Playing tag,c496efe1-6c3e-480d-856f-af132dbe7048,3
2,24038,20,2.75,playing,c49bbdbd-6e52-4da5-887c-72db9cec7d93,2
3,24058,96,2.75,enjoying the surroundings,8dc79a0d-b826-4ac2-8483-04346b06960d,3
2,24061,89,2.75,Meeting,c3cfe5d9-0b66-460b-a3db-a76a0df825ae,2
3,24097,84,2.75,playing tag,204d8c5c-c9ac-4aef-956d-74de8c6eedc4,3
1,24063,0,2.75,Colliding,3fd185a3-34a1-4f1a-9d01-aee3deee3988,1
1,24066,59,2.75,Bumping together,c496efe1-6c3e-480d-856f-af132dbe7048,1
0,24035,19,2.75,they were moving apart before coming back together and appearing to strike each other,c49bbdbd-6e52-4da5-887c-72db9cec7d93,0
2,24067,90,2.75,passing something to each other,d445e5d9-95ae-4a8f-a6bf-53380fef78b4,2
4,24030,25,2.75,"this one is football. when the ball comes close, they come together and when the bass is not they more apart.",42a6675b-868f-488d-a671-17a04c97ab01,4
0,24068,57,2.75,They are playing tag.,bcca6dd9-a0e7-4373-9ebc-93e6e619ca4a,0
0,24069,42,2.75,playing tag,215ead11-5650-429d-b541-0b107fbb996a,0
5,24027,6,2.75,wandering around,4a2adf87-0f15-4bc0-9837-899addfb179c,5
5,24073,35,2.75,playing tag,8dc79a0d-b826-4ac2-8483-04346b06960d,5
6,24074,76,2.75,riding in 'bumper' cars,94eac034-9d70-40c0-89d4-d9a030a03d26,6
2,24019,14,2.75,"Lackadaisical in manner, less violent.  ",c496efe1-6c3e-480d-856f-af132dbe7048,2
4,24075,46,2.75,swinging ,c3cfe5d9-0b66-460b-a3db-a76a0df825ae,4
3,24076,36,2.75,bump run around and play,4a2adf87-0f15-4bc0-9837-899addfb179c,3
0,24010,11,2.75,the dots hit them selves twice,bcca6dd9-a0e7-4373-9ebc-93e6e619ca4a,0
1,24062,63,2.75,running alongside one another than colliding,4a2adf87-0f15-4bc0-9837-899addfb179c,1
0,24000,22,2.75,fighting,59df47e5-696a-407f-aa33-94dab9b3e492,0
5,24011,60,2.75,running,88ff8e25-5b4f-453c-add2-298ef66c683c,5
2,24054,4,2.75,playing chase,42a6675b-868f-488d-a671-17a04c97ab01,2
2,24041,5,2.75,running around,204d8c5c-c9ac-4aef-956d-74de8c6eedc4,2
4,24056,1,2.75,playing,8fa1d226-bf98-4c72-8961-7121546d4a11,4
6,24040,23,2.75,Grey dot at a distance and then coming up to the black dot to be bounced back,d445e5d9-95ae-4a8f-a6bf-53380fef78b4,6
6,24006,52,2.75,tagging each other,204d8c5c-c9ac-4aef-956d-74de8c6eedc4,6
6,24057,12,2.75,Playing,59df47e5-696a-407f-aa33-94dab9b3e492,6
0,24059,7,2.75,Moving around then coming together,32110051-52cf-4952-a6e5-4c5fe75760b7,0
2,24028,6,2.75,the kids were playing a game,4a2adf87-0f15-4bc0-9837-899addfb179c,2
4,24025,3,2.75,Playing a game,8dc79a0d-b826-4ac2-8483-04346b06960d,4
2,24060,19,2.75,dancing,c49bbdbd-6e52-4da5-887c-72db9cec7d93,2
2,24050,14,2.75,"playing, running into each other",c496efe1-6c3e-480d-856f-af132dbe7048,2
1,24005,27,2.75,circling and coming together,bcca6dd9-a0e7-4373-9ebc-93e6e619ca4a,1
5,24008,54,2.75,Playing tag,46c1720a-0af5-44e9-b008-09b89ef78bd9,5
3,24018,8,2.75,playful mood,cc654364-6ba7-42d1-b98c-c44f96b2e4e4,3
1,24064,16,2.75,Marco polo,46c1720a-0af5-44e9-b008-09b89ef78bd9,1
3,24024,17,2.75,grey dot was encouraging the other dot to make contact,112b96b3-6518-4053-ad9f-ff77320acc23,3
5,24072,11,2.75,running into each other,bcca6dd9-a0e7-4373-9ebc-93e6e619ca4a,5
2,24016,13,2.75,Playing,0bad25fa-4a38-4561-9d35-56f1108797cd,2
2,24065,10,2.75,running round park,215ead11-5650-429d-b541-0b107fbb996a,2
5,24015,9,2.75,saying hello to each other,88ff8e25-5b4f-453c-add2-298ef66c683c,5
5,24002,20,2.75,They are gently approaching each other.,c49bbdbd-6e52-4da5-887c-72db9cec7d93,5
4,24004,88,2.75,colliding,4a2adf87-0f15-4bc0-9837-899addfb179c,4
4,24003,85,2.75,playing tag,112b96b3-6518-4053-ad9f-ff77320acc23,4
0,24049,73,4.0,circling then coming together,609aaddc-b0c4-4442-b4ef-ba29fa1dbe22,0
5,24057,12,4.0,Playing,5dd4bcf1-ee00-4ee7-8a76-483bdc62202c,5
6,24076,36,4.0,moving around interacting bumping and playing,609aaddc-b0c4-4442-b4ef-ba29fa1dbe22,6
2,24048,67,4.0,running back and forth,86e26a06-c6f9-47dc-bc1f-1c78f1f93251,2
3,24077,24,4.0,tagging,1a1c3419-9320-46a3-8b48-10e9514c3e7d,3
5,24058,96,4.0,walking around the park,1a1c3419-9320-46a3-8b48-10e9514c3e7d,5
3,24045,92,4.0,playing football,68382d9c-6cc5-4669-84bf-c8058e3c1472,3
1,24075,46,4.0,running around ,7413c064-c0e5-4104-89aa-79d64ef9d6d9,1
0,24080,37,4.0,Seems like they may be fighting or running at each other,5dd4bcf1-ee00-4ee7-8a76-483bdc62202c,0
2,24081,1,4.0,going in the opposite direction to each other  ,114b2369-dce5-4979-8319-c64c85175e6a,2
5,24082,93,4.0,Moving around and slowly going towards each other ,5dd4bcf1-ee00-4ee7-8a76-483bdc62202c,5
4,24054,4,4.0,hide and seek,9f53cd68-f278-45d6-806a-74eeef55bbcc,4
3,24044,43,4.0,tackling each other,70326c05-1133-4c5d-8a4c-3e71e0da8479,3
3,24078,30,4.0,Something between chicken and self play,48fe3ca9-b1df-491d-bef9-6d9c5edee227,3
5,24056,1,4.0,playing a game,114b2369-dce5-4979-8319-c64c85175e6a,5
4,24052,82,4.0,playing tag,fb491605-8f46-43ab-ba62-bfd86d95e4d6,4
4,24059,7,4.0,The grey dot appear to be running or approaching the other dot with speed. The black dot didn't move as much,0890b767-b394-4f89-aea1-c60cab7014af,4
1,24061,89,4.0,Circling,70326c05-1133-4c5d-8a4c-3e71e0da8479,1
3,24064,16,4.0,Whoever touches each other first ,48fe3ca9-b1df-491d-bef9-6d9c5edee227,3
4,24062,63,4.0,running away and towards each other,1d41f125-7386-42b4-8250-f6c540c627a8,4
3,24063,0,4.0,Aloof and then confronting each other,fb491605-8f46-43ab-ba62-bfd86d95e4d6,3
0,24066,59,4.0,bumping together ,1d41f125-7386-42b4-8250-f6c540c627a8,0
1,24055,66,4.0,Running around then high fiving each other,96c2a684-adc3-4f98-8b2a-c19c48e7f5a9,1
2,24074,76,4.0,playing a game,7413c064-c0e5-4104-89aa-79d64ef9d6d9,2
5,24065,10,4.0,fighting,83dec58f-0765-4ddc-b785-670d8025c467,5
0,24072,11,4.0,fighting,1a1c3419-9320-46a3-8b48-10e9514c3e7d,0
1,24053,77,4.0,Fighting,50bec0a0-7e7c-4edd-a8eb-394750dbdb77,1
6,24068,57,4.0,They are playing a game.,114b2369-dce5-4979-8319-c64c85175e6a,6
0,24060,19,4.0,butting heads,a0007ede-8266-4a38-bf86-2a3e66d5d5d4,0
6,24069,42,4.0,playing with pets,96c2a684-adc3-4f98-8b2a-c19c48e7f5a9,6
4,24073,35,4.0,playing tag,a0007ede-8266-4a38-bf86-2a3e66d5d5d4,4
3,24067,90,4.0,Bumping into each other,0890b767-b394-4f89-aea1-c60cab7014af,3
5,24084,47,4.0,hide and seek,7c45bceb-e7dc-4a58-a9f2-02aa015541c6,5
5,24091,25,4.0,playing catch,70326c05-1133-4c5d-8a4c-3e71e0da8479,5
6,24086,69,4.0,Games,114b2369-dce5-4979-8319-c64c85175e6a,6
1,24035,19,4.0,moving apart from each other then came back together twice,a0007ede-8266-4a38-bf86-2a3e66d5d5d4,1
2,24018,8,4.0,pushing each other for fun,96c2a684-adc3-4f98-8b2a-c19c48e7f5a9,2
3,24038,20,4.0,running around ,fb491605-8f46-43ab-ba62-bfd86d95e4d6,3
5,24039,16,4.0,running in circles then bumping in to each other ,48fe3ca9-b1df-491d-bef9-6d9c5edee227,5
3,24016,13,4.0,catching up,7413c064-c0e5-4104-89aa-79d64ef9d6d9,3
2,24042,12,4.0,They are running,5dd4bcf1-ee00-4ee7-8a76-483bdc62202c,2
1,24046,15,4.0,Walking around,609aaddc-b0c4-4442-b4ef-ba29fa1dbe22,1
4,24047,9,4.0,Fighting,1d41f125-7386-42b4-8250-f6c540c627a8,4
6,24051,23,4.0,The dots were moving to and fro.,9f53cd68-f278-45d6-806a-74eeef55bbcc,6
2,24070,24,4.0,run and touch game,1a1c3419-9320-46a3-8b48-10e9514c3e7d,2
1,24015,9,4.0,they seemed attracted to one another,1d41f125-7386-42b4-8250-f6c540c627a8,1
3,24071,22,4.0,Shared in some moments,86e26a06-c6f9-47dc-bc1f-1c78f1f93251,3
4,24002,20,4.0,They are cautiously moving then meeting each other in the middle.,fb491605-8f46-43ab-ba62-bfd86d95e4d6,4
1,24083,7,4.0,Walking or jogging around before rushing to a centre point.,0890b767-b394-4f89-aea1-c60cab7014af,1
6,24088,21,4.0,Does it represent bullying maybe? dark dot wont leave grey dot alone,96c2a684-adc3-4f98-8b2a-c19c48e7f5a9,6
5,24090,17,4.0,They attracted each other to slowly collide,86e26a06-c6f9-47dc-bc1f-1c78f1f93251,5
4,24092,18,4.0,Running,68382d9c-6cc5-4669-84bf-c8058e3c1472,4
0,24093,10,4.0,playing,83dec58f-0765-4ddc-b785-670d8025c467,0
1,24000,22,4.0,collision (fighting),86e26a06-c6f9-47dc-bc1f-1c78f1f93251,1
5,24030,25,4.0,the dots are dancing,70326c05-1133-4c5d-8a4c-3e71e0da8479,5
3,24027,6,4.0,playing a game,1f7aa6f4-6516-4b90-8eeb-142b1437644b,3
1,24024,17,4.0,notiing each other and playing,86e26a06-c6f9-47dc-bc1f-1c78f1f93251,1
3,24019,14,4.0,"Slow and lethargic, but still headbutting in a seeking manner.",7c45bceb-e7dc-4a58-a9f2-02aa015541c6,3
4,24087,39,4.0,running towards each other,68382d9c-6cc5-4669-84bf-c8058e3c1472,4
1,24050,14,4.0,"playing, running into each other",7c45bceb-e7dc-4a58-a9f2-02aa015541c6,1
5,24089,34,4.0,playing soccer,83dec58f-0765-4ddc-b785-670d8025c467,5
6,24043,95,4.0,tag,a0007ede-8266-4a38-bf86-2a3e66d5d5d4,6
6,24094,98,4.0,running into each other,50781782-fbf2-4226-a593-5173be906638,6
1,24041,5,4.0,running around,50781782-fbf2-4226-a593-5173be906638,1
5,24095,64,4.0,they were chasing each other,5dd4bcf1-ee00-4ee7-8a76-483bdc62202c,5
1,24096,33,4.0,Purposely running into each other ,7c45bceb-e7dc-4a58-a9f2-02aa015541c6,1
5,24040,23,4.0,Grey was more aggresive and catching up to the black dot and bouncing off them,9f53cd68-f278-45d6-806a-74eeef55bbcc,5
2,24085,32,4.0,hide and seek,1f7aa6f4-6516-4b90-8eeb-142b1437644b,2
6,24097,84,4.0,chasing the other,1f7aa6f4-6516-4b90-8eeb-142b1437644b,6
6,24028,6,4.0,The kids crossed path while roaming around,1f7aa6f4-6516-4b90-8eeb-142b1437644b,6
4,24099,86,4.0,Seems that they are attracted to each other?,83dec58f-0765-4ddc-b785-670d8025c467,4
0,24100,71,4.0,connecting each other.,83dec58f-0765-4ddc-b785-670d8025c467,0
2,24101,82,4.0,Playing,fb491605-8f46-43ab-ba62-bfd86d95e4d6,2
6,24025,3,4.0,Grey dot was hassling the black dot,50bec0a0-7e7c-4edd-a8eb-394750dbdb77,6
5,24001,5,4.0,dancing,50781782-fbf2-4226-a593-5173be906638,5
6,24007,13,4.0,swimming,7413c064-c0e5-4104-89aa-79d64ef9d6d9,6
5,24009,8,4.0,dont know,96c2a684-adc3-4f98-8b2a-c19c48e7f5a9,5
2,24010,11,4.0,the dots moves around and later then they came together,1a1c3419-9320-46a3-8b48-10e9514c3e7d,2
5,24098,41,4.0,Playing apart and then joining eachother again,a0007ede-8266-4a38-bf86-2a3e66d5d5d4,5
6,24003,85,4.0,playing frog leap,96c2a684-adc3-4f98-8b2a-c19c48e7f5a9,6
4,24079,38,4.0,Playing ,114b2369-dce5-4979-8319-c64c85175e6a,4
1,24029,4,4.0,moving up and down and hitting each other,9f53cd68-f278-45d6-806a-74eeef55bbcc,1
4,24020,2,4.0,playing a sword game,70326c05-1133-4c5d-8a4c-3e71e0da8479,4
3,24014,75,4.0,"Before slowly touching each other, move counterclockwise ",fb491605-8f46-43ab-ba62-bfd86d95e4d6,3
6,24004,88,4.0,flowing,50bec0a0-7e7c-4edd-a8eb-394750dbdb77,6
1,24021,50,4.0,playing tag together,68382d9c-6cc5-4669-84bf-c8058e3c1472,1
0,24034,94,4.0,They were playing with each other,7413c064-c0e5-4104-89aa-79d64ef9d6d9,0
1,24008,54,4.0,Running back and forth into each other ,86e26a06-c6f9-47dc-bc1f-1c78f1f93251,1
5,24033,56,4.0,The grey dot has the higher power but the black dot kept doing after the grey dot.,609aaddc-b0c4-4442-b4ef-ba29fa1dbe22,5
3,24036,54,4.0,Swings,86e26a06-c6f9-47dc-bc1f-1c78f1f93251,3
5,24022,68,4.0,hide and seek,1f7aa6f4-6516-4b90-8eeb-142b1437644b,5
1,24032,62,4.0,playing football,7c45bceb-e7dc-4a58-a9f2-02aa015541c6,1
4,24005,27,4.0,"slowly moving, coming together and then splitting apart",50bec0a0-7e7c-4edd-a8eb-394750dbdb77,4
3,24037,65,4.0,playing tag,50781782-fbf2-4226-a593-5173be906638,3
0,24031,49,4.0,Running,50bec0a0-7e7c-4edd-a8eb-394750dbdb77,0
0,24006,52,4.0,swordfighting,83dec58f-0765-4ddc-b785-670d8025c467,0
5,24026,3,4.0,The dots are playing,50bec0a0-7e7c-4edd-a8eb-394750dbdb77,5
3,24013,45,4.0,fighting,0890b767-b394-4f89-aea1-c60cab7014af,3
1,24023,57,4.0,The dots move away from each other and then collide. The grey dot seemed to instigate the collision.,114b2369-dce5-4979-8319-c64c85175e6a,1
0,24011,60,4.0,running and tagging ,48fe3ca9-b1df-491d-bef9-6d9c5edee227,0
6,24012,87,4.0,hide and seek,9f53cd68-f278-45d6-806a-74eeef55bbcc,6
4,24017,31,4.0,the dots were running into each other,7413c064-c0e5-4104-89aa-79d64ef9d6d9,4
1,24067,90,5.25,Playing tag ,46786fd0-ca59-4ffa-a772-fe489fdbd94c,1
2,24015,9,5.25,fighting perhaps?,8e0deaa9-1ac5-4e69-817a-3204f157f360,2
2,24047,9,5.25,Skateboarding,8e0deaa9-1ac5-4e69-817a-3204f157f360,2
6,24096,33,5.25,Politely taking turns initiating the interaction ,9cf1ba8f-113d-408d-831d-4cf31ca51b3b,6
3,24040,23,5.25,hiding/walking around and play fighting eachother,39d4c0f1-9195-4761-98c6-457bad8a2291,3
5,24097,84,5.25,colliding with each other,35ae5b09-f580-4922-91bd-f22c23175a47,5
1,24093,10,5.25,Fighting ,8b72023d-88b1-4615-b871-cac794edf1d9,1
2,24022,68,5.25,playing,4cf04acf-6776-453a-a811-1c5e51c2ece4,2
1,24098,41,5.25,Fighting,04b8ff17-66ff-4d6b-a0aa-a91efebb4368,1
6,24029,4,5.25,moving apart then clicking together again,9cf1ba8f-113d-408d-831d-4cf31ca51b3b,6
6,24046,15,5.25,Playing video games,04b8ff17-66ff-4d6b-a0aa-a91efebb4368,6
5,24088,21,5.25,One chasing the other maybe,124d9b3a-acac-4627-93e0-f05b493598f3,5
2,24066,59,5.25,Charging each other.,82cc23d1-ba4b-48c5-995a-a30d865ea249,2
1,24033,56,5.25,"They got lower, knocking into each other.",4cf04acf-6776-453a-a811-1c5e51c2ece4,1
6,24063,0,5.25,"Attacking each other, fighting",384dc3de-9717-4531-83a1-683588fe1381,6
0,24081,1,5.25,coming together for a short time and then away from each other,46786fd0-ca59-4ffa-a772-fe489fdbd94c,0
6,24050,14,5.25,running into each other ,1b4e0da1-e8b8-4342-8d4f-9d2a551e7fed,6
5,24077,24,5.25,pushing,2d3d47a2-03c8-4642-84ec-a8f67c64868c,5
5,24000,22,5.25,Getting tired of fighting.,82cc23d1-ba4b-48c5-995a-a30d865ea249,5
3,24099,86,5.25,It seems they are still fighting? ,0a4312a1-7156-4c68-9698-0f1495558bee,3
2,24057,12,5.25,Chasing each other,124d9b3a-acac-4627-93e0-f05b493598f3,2
1,24086,69,5.25,Playing,9ed3a785-369e-4eb1-b5ca-50d2602a44d4,1
5,24062,63,5.25,the grey one seemed to be pursuing the black dot,0a4312a1-7156-4c68-9698-0f1495558bee,5
0,24064,16,5.25,Running at each other ,2d3d47a2-03c8-4642-84ec-a8f67c64868c,0
4,24085,32,5.25,tag,04b8ff17-66ff-4d6b-a0aa-a91efebb4368,4
6,24095,64,5.25,they were running round,2d3d47a2-03c8-4642-84ec-a8f67c64868c,6
1,24060,19,5.25,testing boundaries,35ae5b09-f580-4922-91bd-f22c23175a47,1
0,24013,45,5.25,play fighting,2d3d47a2-03c8-4642-84ec-a8f67c64868c,0
1,24089,34,5.25,playing,35ae5b09-f580-4922-91bd-f22c23175a47,1
3,24017,31,5.25,the dots were colliding into each other when they got close,4cf04acf-6776-453a-a811-1c5e51c2ece4,3
5,24087,39,5.25,playing tag,5f5a825b-b433-4986-b5d6-5239eb407d32,5
2,24002,20,5.25,They are running around and up to each other.,8e0deaa9-1ac5-4e69-817a-3204f157f360,2
0,24026,3,5.25,The dots were hitting each other,82cc23d1-ba4b-48c5-995a-a30d865ea249,0
3,24091,25,5.25,running,1b4e0da1-e8b8-4342-8d4f-9d2a551e7fed,3
5,24083,7,5.25,Walk around and take it in turns to try and creep up on the other dot before they realise.,2ef99e5f-bc49-429b-b086-41ed4571b58a,5
0,24051,23,5.25,children,39d4c0f1-9195-4761-98c6-457bad8a2291,0
0,24074,76,5.25,running and bumping,5f5a825b-b433-4986-b5d6-5239eb407d32,0
4,24023,57,5.25,"The grey dot follows the black dot and then sudden speed up. When it gets close to the black dot, the black then moves toward the grey dot causing them to collide.",9ed3a785-369e-4eb1-b5ca-50d2602a44d4,4
4,24041,5,5.25,chasing,4cf04acf-6776-453a-a811-1c5e51c2ece4,4
0,24032,62,5.25,Playing tag.,35ae5b09-f580-4922-91bd-f22c23175a47,0
5,24006,52,5.25,tagging each other,8e0deaa9-1ac5-4e69-817a-3204f157f360,5
1,24073,35,5.25,tagging each other,46786fd0-ca59-4ffa-a772-fe489fdbd94c,1
5,24094,98,5.25,playing,2d3d47a2-03c8-4642-84ec-a8f67c64868c,5
2,24037,65,5.25,fighting,86e934a2-75ef-4084-a167-ce0ca737532d,2
1,24031,49,5.25,Hide and seek,2ef99e5f-bc49-429b-b086-41ed4571b58a,1
6,24059,7,5.25,"The dots were drifting, then first the grey approached the black fast, then they drifted again and then the black approached the grey fast.",2ef99e5f-bc49-429b-b086-41ed4571b58a,6
4,24076,36,5.25,bump run around play ,2ef99e5f-bc49-429b-b086-41ed4571b58a,4
1,24069,42,5.25,playing soccer,8b72023d-88b1-4615-b871-cac794edf1d9,1
4,24035,19,5.25,moved slowly before quickly striking each other,35ae5b09-f580-4922-91bd-f22c23175a47,4
2,24005,27,5.25,meandering then rushing together,27f4d7f8-d998-48b2-a3e4-f885f21c713d,2
4,24068,57,5.25,They are playing soccer.,9ed3a785-369e-4eb1-b5ca-50d2602a44d4,4
3,24075,46,5.25,playing tag ,35ae5b09-f580-4922-91bd-f22c23175a47,3
3,24100,71,5.25,attracting towards each other,9cf1ba8f-113d-408d-831d-4cf31ca51b3b,3
2,24053,77,5.25,walking ,124d9b3a-acac-4627-93e0-f05b493598f3,2
4,24028,6,5.25,One child was following another,9ed3a785-369e-4eb1-b5ca-50d2602a44d4,4
0,24025,3,5.25,bouncing into each other,82cc23d1-ba4b-48c5-995a-a30d865ea249,0
5,24020,2,5.25,playing a wrestling game,8a889364-bfa4-42f7-8d4c-ee7478ea863c,5
1,24072,11,5.25,crashing into each other,5f5a825b-b433-4986-b5d6-5239eb407d32,1
3,24003,85,5.25,fighting,86e934a2-75ef-4084-a167-ce0ca737532d,3
3,24010,11,5.25,at this stage the white dot move to where the black dot is and later they meet together,5f5a825b-b433-4986-b5d6-5239eb407d32,3
1,24052,82,5.25,fighting,2ef99e5f-bc49-429b-b086-41ed4571b58a,1
3,24092,18,5.25,Running,86e934a2-75ef-4084-a167-ce0ca737532d,3
2,24071,22,5.25,They had two small approaches,82cc23d1-ba4b-48c5-995a-a30d865ea249,2
4,24070,24,5.25,tap and run,2d3d47a2-03c8-4642-84ec-a8f67c64868c,4
4,24049,73,5.25,coming together,8b72023d-88b1-4615-b871-cac794edf1d9,4
2,24084,47,5.25,fighting,5f5a825b-b433-4986-b5d6-5239eb407d32,2
1,24080,37,5.25,"Again, seems that they are running at each other and maybe fighting",86e934a2-75ef-4084-a167-ce0ca737532d,1
4,24024,17,5.25,playing a game running then coming together at intervals,0a4312a1-7156-4c68-9698-0f1495558bee,4
5,24019,14,5.25,Calculated and with motive. ,1b4e0da1-e8b8-4342-8d4f-9d2a551e7fed,5
4,24014,75,5.25,Move clockwise before slowly touching each other ,46786fd0-ca59-4ffa-a772-fe489fdbd94c,4
1,24027,6,5.25,chasing one another,9ed3a785-369e-4eb1-b5ca-50d2602a44d4,1
2,24082,93,5.25,Hitting ,9cf1ba8f-113d-408d-831d-4cf31ca51b3b,2
6,24054,4,5.25,football,9cf1ba8f-113d-408d-831d-4cf31ca51b3b,6
1,24048,67,5.25,fighting,8e0deaa9-1ac5-4e69-817a-3204f157f360,1
6,24039,16,5.25,play fighting ,2d3d47a2-03c8-4642-84ec-a8f67c64868c,6
6,24045,92,5.25,jumping,39d4c0f1-9195-4761-98c6-457bad8a2291,6
1,24030,25,5.25,"i would say they were fighting, the coming together seemed more aggressive",1b4e0da1-e8b8-4342-8d4f-9d2a551e7fed,1
4,24038,20,5.25,skating ,8e0deaa9-1ac5-4e69-817a-3204f157f360,4
4,24012,87,5.25,wrestling,8a889364-bfa4-42f7-8d4c-ee7478ea863c,4
5,24036,54,5.25,Playing,46786fd0-ca59-4ffa-a772-fe489fdbd94c,5
4,24011,60,5.25,hide and seek,384dc3de-9717-4531-83a1-683588fe1381,4
5,24055,66,5.25,Pretending they're magnets,8a889364-bfa4-42f7-8d4c-ee7478ea863c,5
2,24008,54,5.25,Playing tag,46786fd0-ca59-4ffa-a772-fe489fdbd94c,2
1,24034,94,5.25,The dots were running around and then hitting into each other,384dc3de-9717-4531-83a1-683588fe1381,1
2,24001,5,5.25,fighting,4cf04acf-6776-453a-a811-1c5e51c2ece4,2
1,24065,10,5.25,football,8b72023d-88b1-4615-b871-cac794edf1d9,1
4,24090,17,5.25,Attract to collide slowly,0a4312a1-7156-4c68-9698-0f1495558bee,4
1,24009,8,5.25,racing,39d4c0f1-9195-4761-98c6-457bad8a2291,1
1,24058,96,5.25,running then colliding,1b4e0da1-e8b8-4342-8d4f-9d2a551e7fed,1
1,24016,13,5.25,Rough,27f4d7f8-d998-48b2-a3e4-f885f21c713d,1
2,24004,88,5.25,playing,8b72023d-88b1-4615-b871-cac794edf1d9,2
6,24078,30,5.25,Hide and seek,9ed3a785-369e-4eb1-b5ca-50d2602a44d4,6
2,24044,43,5.25,Playing with a ball,0a4312a1-7156-4c68-9698-0f1495558bee,2
0,24021,50,5.25,running too and fro,384dc3de-9717-4531-83a1-683588fe1381,0
6,24056,1,5.25,playing tag,46786fd0-ca59-4ffa-a772-fe489fdbd94c,6
4,24061,89,5.25,Bouncing ,27f4d7f8-d998-48b2-a3e4-f885f21c713d,4
2,24007,13,5.25,Running around,27f4d7f8-d998-48b2-a3e4-f885f21c713d,2
5,24018,8,5.25,doing in rhythm,39d4c0f1-9195-4761-98c6-457bad8a2291,5
0,24043,95,5.25,charging at each other,82cc23d1-ba4b-48c5-995a-a30d865ea249,0
1,24079,38,5.25,Colliding ,8a889364-bfa4-42f7-8d4c-ee7478ea863c,1
0,24101,82,5.25,Running at each other,2ef99e5f-bc49-429b-b086-41ed4571b58a,0
6,24042,12,5.25,Playing musical chairs,124d9b3a-acac-4627-93e0-f05b493598f3,6
1,24054,4,6.5,fighting,5456278f-d454-4194-af69-2784112cffb9,1
1,24070,24,6.5,playing tag,755a600e-d336-4f66-8771-52eed84faf02,1
2,24026,3,6.5,The dots are fighting,187f8493-9a30-43cc-a2bd-5d96f6d2263d,2
4,24051,23,6.5,The dots collided with one another.,debe6245-13a4-4a31-b28a-e7b25ce8fa93,4
1,24087,39,6.5,sprinting,d98f2d5f-eb3b-4ebd-b714-878343382f2a,1
1,24006,52,6.5,charging at each other,2c174300-1111-477c-b605-e34e6031cd26,1
1,24084,47,6.5,chasing each other,8dbfdd79-2b3f-4297-8ec2-92d59884dd68,1
5,24086,69,6.5,Running,8bee64f6-a3cb-48f4-be48-142b9065f5d7,5
2,24017,31,6.5,the dots were repeatedly colliding into each other,13e24563-ab7e-41df-adf6-e8e88b4d9e08,2
4,24082,93,6.5,Slowly moving around and touching,d98f2d5f-eb3b-4ebd-b714-878343382f2a,4
1,24085,32,6.5,red rover,3c21b0c7-30d1-41a7-99ae-02e24be36ad3,1
6,24018,8,6.5,fun mode,debe6245-13a4-4a31-b28a-e7b25ce8fa93,6
0,24050,14,6.5,running at each other ,2c174300-1111-477c-b605-e34e6031cd26,0
1,24028,6,6.5,the kids were shoving each other,2fa02aa8-ef06-46e0-87af-9e3b7267ee79,1
0,24001,5,6.5,fighting,8dbfdd79-2b3f-4297-8ec2-92d59884dd68,0
5,24007,13,6.5,Going left and right,14c0e4c6-94d9-41ec-b44a-5f6c8678230e,5
3,24008,54,6.5,Collecting items and bringing them back to a pile,2fa02aa8-ef06-46e0-87af-9e3b7267ee79,3
1,24025,3,6.5,smashing into one another,187f8493-9a30-43cc-a2bd-5d96f6d2263d,1
4,24042,12,6.5,Dancing,d80f638e-7e4b-4e80-bc19-a4b764fd7614,4
6,24009,8,6.5,running,debe6245-13a4-4a31-b28a-e7b25ce8fa93,6
5,24016,13,6.5,Joining together,14c0e4c6-94d9-41ec-b44a-5f6c8678230e,5
5,24010,11,6.5,all the dots came together like magnet ,13e24563-ab7e-41df-adf6-e8e88b4d9e08,5
5,24024,17,6.5,runnign in circles then contact,3c21b0c7-30d1-41a7-99ae-02e24be36ad3,5
0,24019,14,6.5,"The dots were dueling, sort of seeking each other out and headbutting when a certain distance was achieved. ",2c174300-1111-477c-b605-e34e6031cd26,0
2,24020,2,6.5,running and then hitting each other,93e661c0-3f68-4205-9141-04164911b7e4,2
5,24014,75,6.5,Playing soccer ,93e661c0-3f68-4205-9141-04164911b7e4,5
2,24030,25,6.5,"they were playing tag, not sure why when the person was not it went towards them when they got close though.",1827c058-6388-491a-b84c-d4d6c512039e,2
6,24027,6,6.5,hiding and finding each other,2fa02aa8-ef06-46e0-87af-9e3b7267ee79,6
4,24101,82,6.5,Dueling,e2c787c5-5358-4a21-bb35-c422b37ef982,4
4,24089,34,6.5,racing,14c0e4c6-94d9-41ec-b44a-5f6c8678230e,4
4,24100,71,6.5,playing,e2c787c5-5358-4a21-bb35-c422b37ef982,4
4,24046,15,6.5,Jumping,8bee64f6-a3cb-48f4-be48-142b9065f5d7,4
0,24091,25,6.5,playing tag,1827c058-6388-491a-b84c-d4d6c512039e,0
6,24041,5,6.5,chasing,8dbfdd79-2b3f-4297-8ec2-92d59884dd68,6
4,24094,98,6.5,playing frisbee,d80f638e-7e4b-4e80-bc19-a4b764fd7614,4
2,24023,57,6.5,"The black dot slowly closed in on the grey dot, and which it got close the grey dot 'attacked' it.",1827c058-6388-491a-b84c-d4d6c512039e,2
0,24095,64,6.5,playing tag,40860eea-1c44-4896-96b1-ee2d42a6c522,0
5,24047,9,6.5,Dancing,755a600e-d336-4f66-8771-52eed84faf02,5
2,24035,19,6.5,moved in a semicircle before striking each other,e2c787c5-5358-4a21-bb35-c422b37ef982,2
2,24096,33,6.5,"They were both bumping into each other, but one seems more aggressive than the other",8dbfdd79-2b3f-4297-8ec2-92d59884dd68,2
6,24015,9,6.5,being aggressive,755a600e-d336-4f66-8771-52eed84faf02,6
4,24097,84,6.5,running towards eachother,2fa02aa8-ef06-46e0-87af-9e3b7267ee79,4
2,24098,41,6.5,Running to and from eachother,13e24563-ab7e-41df-adf6-e8e88b4d9e08,2
1,24022,68,6.5,fighting,debe6245-13a4-4a31-b28a-e7b25ce8fa93,1
0,24040,23,6.5,"hiding and, running and bumping each other",debe6245-13a4-4a31-b28a-e7b25ce8fa93,0
6,24021,50,6.5,avoid then collide,5456278f-d454-4194-af69-2784112cffb9,6
5,24099,86,6.5,This one seems to be fighting again. They are trying to fend off each other.,1827c058-6388-491a-b84c-d4d6c512039e,5
3,24039,16,6.5,playing tag,d98f2d5f-eb3b-4ebd-b714-878343382f2a,3
6,24081,1,6.5,playing football,e3160d16-fe5e-4987-918b-0921ab937804,6
6,24038,20,6.5,testing boundaries ,ed3846d1-c7e9-4e73-a1ab-cd413d18c0b8,6
4,24066,59,6.5,Running and bumping into each other.,3c21b0c7-30d1-41a7-99ae-02e24be36ad3,4
0,24076,36,6.5,dots where bumping into each other,2c174300-1111-477c-b605-e34e6031cd26,0
2,24036,54,6.5,Running around,2fa02aa8-ef06-46e0-87af-9e3b7267ee79,2
2,24075,46,6.5,fighting ,debe6245-13a4-4a31-b28a-e7b25ce8fa93,2
3,24049,73,6.5,c ircling then coming together repeatedly,187f8493-9a30-43cc-a2bd-5d96f6d2263d,3
3,24031,49,6.5,Touching bodies,e3160d16-fe5e-4987-918b-0921ab937804,3
1,24059,7,6.5,Running from a small distance to come together then move apart again,ed3846d1-c7e9-4e73-a1ab-cd413d18c0b8,1
1,24074,76,6.5,playing,ed3846d1-c7e9-4e73-a1ab-cd413d18c0b8,1
5,24052,82,6.5,playing tag,e2c787c5-5358-4a21-bb35-c422b37ef982,5
6,24034,94,6.5,Playing around,2c174300-1111-477c-b605-e34e6031cd26,6
6,24083,7,6.5,React to a whistle or alarm to then rush to a point in the middle of both dots.,ed3846d1-c7e9-4e73-a1ab-cd413d18c0b8,6
0,24073,35,6.5,charging at each other,5456278f-d454-4194-af69-2784112cffb9,0
0,24088,21,6.5,Children may have been playing tag together,e2c787c5-5358-4a21-bb35-c422b37ef982,0
2,24069,42,6.5,playing football,187f8493-9a30-43cc-a2bd-5d96f6d2263d,2
2,24032,62,6.5,on a swing,755a600e-d336-4f66-8771-52eed84faf02,2
1,24092,18,6.5,Running,7c59d616-cf70-400a-8ebd-9b3cdfb854ec,1
6,24053,77,6.5,Walking ,d80f638e-7e4b-4e80-bc19-a4b764fd7614,6
3,24068,57,6.5,They are running and chasing each other.,1827c058-6388-491a-b84c-d4d6c512039e,3
6,24062,63,6.5,the black dot seemed to be pursuing the grey dot,5456278f-d454-4194-af69-2784112cffb9,6
0,24063,0,6.5,Running and colliding,1827c058-6388-491a-b84c-d4d6c512039e,0
2,24064,16,6.5,Tag,d98f2d5f-eb3b-4ebd-b714-878343382f2a,2
3,24090,17,6.5,Small circles to then brake and collide with each other,3c21b0c7-30d1-41a7-99ae-02e24be36ad3,3
0,24065,10,6.5,playing catch,40860eea-1c44-4896-96b1-ee2d42a6c522,0
5,24060,19,6.5,attracting,e2c787c5-5358-4a21-bb35-c422b37ef982,5
5,24048,67,6.5,bullying,d98f2d5f-eb3b-4ebd-b714-878343382f2a,5
0,24061,89,6.5,Bouncing,93e661c0-3f68-4205-9141-04164911b7e4,0
5,24012,87,6.5,tackling,14c0e4c6-94d9-41ec-b44a-5f6c8678230e,5
5,24067,90,6.5,Boxing,8bee64f6-a3cb-48f4-be48-142b9065f5d7,5
1,24002,20,6.5,They are running into each other and bumping off each other playfully.,ed3846d1-c7e9-4e73-a1ab-cd413d18c0b8,1
4,24055,66,6.5,Dancing,2fa02aa8-ef06-46e0-87af-9e3b7267ee79,4
0,24005,27,6.5,smashing into each other,2fa02aa8-ef06-46e0-87af-9e3b7267ee79,0
3,24000,22,6.5,Fighting,187f8493-9a30-43cc-a2bd-5d96f6d2263d,3
4,24058,96,6.5,calling each other to explore the park,e3160d16-fe5e-4987-918b-0921ab937804,4
6,24072,11,6.5,fighting,13e24563-ab7e-41df-adf6-e8e88b4d9e08,6
4,24033,56,6.5,"The black dot has the higher ground, knocking into the grey dot.",755a600e-d336-4f66-8771-52eed84faf02,4
5,24078,30,6.5,Trying to avoid each other then chasing,7c59d616-cf70-400a-8ebd-9b3cdfb854ec,5
2,24003,85,6.5,high fiving,7c59d616-cf70-400a-8ebd-9b3cdfb854ec,2
1,24057,12,6.5,Quickly running at each other,d80f638e-7e4b-4e80-bc19-a4b764fd7614,1
3,24011,60,6.5,running,7c59d616-cf70-400a-8ebd-9b3cdfb854ec,3
3,24056,1,6.5,fighting,e3160d16-fe5e-4987-918b-0921ab937804,3
5,24004,88,6.5,fighting,8dbfdd79-2b3f-4297-8ec2-92d59884dd68,5
1,24044,43,6.5,"Running at each other, bouncing",e2c787c5-5358-4a21-bb35-c422b37ef982,1
1,24013,45,6.5,play fighting,d98f2d5f-eb3b-4ebd-b714-878343382f2a,1
2,24080,37,6.5,"Perhaps playing a game, but most likely running at each other or fighting",40860eea-1c44-4896-96b1-ee2d42a6c522,2
0,24045,92,6.5,running,3c21b0c7-30d1-41a7-99ae-02e24be36ad3,0
3,24029,4,6.5,move apart then meet again,5456278f-d454-4194-af69-2784112cffb9,3
3,24093,10,6.5,Chasing,40860eea-1c44-4896-96b1-ee2d42a6c522,3
2,24079,38,6.5,Playing,d80f638e-7e4b-4e80-bc19-a4b764fd7614,2
2,24077,24,6.5,running,755a600e-d336-4f66-8771-52eed84faf02,2
5,24043,95,6.5,chasing,755a600e-d336-4f66-8771-52eed84faf02,5
5,24037,65,6.5,jousting,1827c058-6388-491a-b84c-d4d6c512039e,5
5,24071,22,6.5,In this situation two small confrontations occurred,187f8493-9a30-43cc-a2bd-5d96f6d2263d,5
3,24043,95,7.75,swings,7b0c39f7-8bb3-4c19-94da-30117a8ec17d,3
0,24004,88,7.75,fighting,50f23891-0e3f-40d3-8bcb-a5bcfcec1987,0
3,24001,5,7.75,running,7f445daf-d952-4bf3-b733-def683994895,3
3,24065,10,7.75,racing,09060d5d-c3e1-451b-a3b5-4b2b567660ff,3
1,24042,12,7.75,Playing,65eed33d-db39-4b87-b8a4-de20693d3821,1
1,24011,60,7.75,running,5a652d01-49a0-4b52-a54c-51c21b53e0fe,1
6,24035,19,7.75,moved in circles before coming together ,2d84acc9-9c9b-441c-9a1a-c901bc48b88f,6
6,24016,13,7.75,equal leading,8b590505-e40d-4ff8-802d-5430cc2802b6,6
5,24064,16,7.75,Tag,085d7298-e568-4752-a909-8eecf82e3ebc,5
5,24061,89,7.75,Hitting,453a1fa5-895a-4a5e-a4cf-25c0a35d74d2,5
4,24021,50,7.75,playing tag together,8aeee0c2-7419-4cbe-aa42-af10b66f80b4,4
1,24101,82,7.75,Colliding,44ab78ba-bb99-4b6d-a69b-ede18f9116ec,1
6,24037,65,7.75,charging each other,09060d5d-c3e1-451b-a3b5-4b2b567660ff,6
0,24062,63,7.75,mirroring each other's movements then colliding,8ecf5da9-a68c-4392-8c1a-ecb9754dd9d9,0
2,24090,17,7.75,They made small circles and then got closer to collide faster.,7b0c39f7-8bb3-4c19-94da-30117a8ec17d,2
0,24039,16,7.75,running to and from each other ,085d7298-e568-4752-a909-8eecf82e3ebc,0
1,24017,31,7.75,the dots were colliding into each other repeatedly,09060d5d-c3e1-451b-a3b5-4b2b567660ff,1
6,24058,96,7.75,exploring the talking,015f75aa-de90-4fdc-8657-d630f1963869,6
1,24007,13,7.75,Fighting,8b590505-e40d-4ff8-802d-5430cc2802b6,1
4,24018,8,7.75,little aggressive,44ab78ba-bb99-4b6d-a69b-ede18f9116ec,4
3,24025,3,7.75,Pushing each other,905c9d73-dba9-472d-a6e4-ea3dcd3b3530,3
0,24048,67,7.75,Playing tag,44ab78ba-bb99-4b6d-a69b-ede18f9116ec,0
6,24092,18,7.75,Walking and running,534a6ddb-dbec-42ac-b559-3f4cbdd66423,6
3,24020,2,7.75,running away from each other then running back,3dbdd697-e200-4003-92f8-47202577ad0a,3
2,24000,22,7.75,collision (fighting),8b590505-e40d-4ff8-802d-5430cc2802b6,2
1,24019,14,7.75,"Similar to the last one, but to me it seemed like the white dot was seeking out the black one and initiating contact. ",981d9d90-47c5-4443-a939-26060914c7e4,1
4,24027,6,7.75,fighting,a57832a0-0b6a-4bdf-a636-adf042cd3fcc,4
3,24012,87,7.75,tackling,534a6ddb-dbec-42ac-b559-3f4cbdd66423,3
4,24045,92,7.75,clapping hands,a57832a0-0b6a-4bdf-a636-adf042cd3fcc,4
2,24100,71,7.75,playing,3dbdd697-e200-4003-92f8-47202577ad0a,2
4,24072,11,7.75,crashing into each other,8aeee0c2-7419-4cbe-aa42-af10b66f80b4,4
4,24010,11,7.75,all the two dots came together ,8aeee0c2-7419-4cbe-aa42-af10b66f80b4,4
2,24052,82,7.75,playing,44ab78ba-bb99-4b6d-a69b-ede18f9116ec,2
0,24036,54,7.75,Running at each other,534a6ddb-dbec-42ac-b559-3f4cbdd66423,0
6,24024,17,7.75,running around then seeing each other and saying hi,7b0c39f7-8bb3-4c19-94da-30117a8ec17d,6
0,24053,77,7.75,Playing ,015f75aa-de90-4fdc-8657-d630f1963869,0
2,24093,10,7.75,They were running,09060d5d-c3e1-451b-a3b5-4b2b567660ff,2
5,24034,94,7.75,Encouraging each other to enjoy the space,2d84acc9-9c9b-441c-9a1a-c901bc48b88f,5
0,24044,43,7.75,Playing a game of it or rugby,7b0c39f7-8bb3-4c19-94da-30117a8ec17d,0
2,24009,8,7.75,dont know,44ab78ba-bb99-4b6d-a69b-ede18f9116ec,2
6,24030,25,7.75,"rugby, there was a ball fumble halfway through",44ab78ba-bb99-4b6d-a69b-ede18f9116ec,6
0,24003,85,7.75,playing tag,085d7298-e568-4752-a909-8eecf82e3ebc,0
2,24055,66,7.75,Running into each other,8845e64c-078b-4a3a-a732-1efe937de14a,2
5,24049,73,7.75,circling then coming together,8b590505-e40d-4ff8-802d-5430cc2802b6,5
3,24006,52,7.75,play fighting,015f75aa-de90-4fdc-8657-d630f1963869,3
5,24046,15,7.75,Discussing,5a652d01-49a0-4b52-a54c-51c21b53e0fe,5
6,24073,35,7.75,playing some sort of game,7b0c39f7-8bb3-4c19-94da-30117a8ec17d,6
4,24074,76,7.75,fighting,a57832a0-0b6a-4bdf-a636-adf042cd3fcc,4
5,24023,57,7.75,The dots seem to move randomly and then attack each other. ,44ab78ba-bb99-4b6d-a69b-ede18f9116ec,5
3,24089,34,7.75,playing,2d84acc9-9c9b-441c-9a1a-c901bc48b88f,3
3,24002,20,7.75,They are staying apart and then colliding.,085d7298-e568-4752-a909-8eecf82e3ebc,3
6,24075,46,7.75,fighting ,09060d5d-c3e1-451b-a3b5-4b2b567660ff,6
6,24087,39,7.75,playing a game,905c9d73-dba9-472d-a6e4-ea3dcd3b3530,6
3,24051,23,7.75,The dots collided with one another.,453a1fa5-895a-4a5e-a4cf-25c0a35d74d2,3
2,24076,36,7.75,bump and play,3dbdd697-e200-4003-92f8-47202577ad0a,2
6,24071,22,7.75,The two were moving around and there were a few moments where they got close to each other ,8b590505-e40d-4ff8-802d-5430cc2802b6,6
3,24057,12,7.75,Clashing,65eed33d-db39-4b87-b8a4-de20693d3821,3
5,24050,14,7.75,grey dot aggressively running into black dot,981d9d90-47c5-4443-a939-26060914c7e4,5
4,24077,24,7.75,shoving ,5a652d01-49a0-4b52-a54c-51c21b53e0fe,4
0,24086,69,7.75,Bumping,453a1fa5-895a-4a5e-a4cf-25c0a35d74d2,0
5,24085,32,7.75,role playing game,981d9d90-47c5-4443-a939-26060914c7e4,5
1,24078,30,7.75,Playing chicken (again?),8aeee0c2-7419-4cbe-aa42-af10b66f80b4,1
5,24013,45,7.75,playing tag,981d9d90-47c5-4443-a939-26060914c7e4,5
5,24005,27,7.75,wander and smash,7f445daf-d952-4bf3-b733-def683994895,5
4,24026,3,7.75,The dots are hitting themselves in an unfriendly manner,905c9d73-dba9-472d-a6e4-ea3dcd3b3530,4
4,24084,47,7.75,fighting,7f445daf-d952-4bf3-b733-def683994895,4
3,24079,38,7.75,Fighting,534a6ddb-dbec-42ac-b559-3f4cbdd66423,3
5,24054,4,7.75,playing rugby,50f23891-0e3f-40d3-8bcb-a5bcfcec1987,5
2,24029,4,7.75,moving at the center and clapping together,50f23891-0e3f-40d3-8bcb-a5bcfcec1987,2
5,24070,24,7.75,touch each other and seperate,5a652d01-49a0-4b52-a54c-51c21b53e0fe,5
4,24080,37,7.75,"Perhaps playing a game, but seems they are running at each other",8845e64c-078b-4a3a-a732-1efe937de14a,4
0,24082,93,7.75,Hitting one another occasionally ,8aeee0c2-7419-4cbe-aa42-af10b66f80b4,0
2,24056,1,7.75,arguing,453a1fa5-895a-4a5e-a4cf-25c0a35d74d2,2
5,24081,1,7.75,attacking each other,453a1fa5-895a-4a5e-a4cf-25c0a35d74d2,5
0,24015,9,7.75,they were bumping into each other and rebounding,8ecf5da9-a68c-4392-8c1a-ecb9754dd9d9,0
6,24091,25,7.75,playing tag,44ab78ba-bb99-4b6d-a69b-ede18f9116ec,6
6,24031,49,7.75,Dodging touches,5a652d01-49a0-4b52-a54c-51c21b53e0fe,6
4,24083,7,7.75,Walk around in a circle before rushing to a centre point once told to.,015f75aa-de90-4fdc-8657-d630f1963869,4
5,24059,7,7.75,"The dots drifted around slowing, then running together. They did this a couple of times. Perhaps passing something between them",015f75aa-de90-4fdc-8657-d630f1963869,5
5,24028,6,7.75,Both child were playing tag,a57832a0-0b6a-4bdf-a636-adf042cd3fcc,5
1,24099,86,7.75,It seems they are colliding to each other? Or they are fighting?,8b590505-e40d-4ff8-802d-5430cc2802b6,1
0,24008,54,7.75,Running into each other,534a6ddb-dbec-42ac-b559-3f4cbdd66423,0
2,24033,56,7.75,The black dot kept going after the grey dot.,8845e64c-078b-4a3a-a732-1efe937de14a,2
4,24063,0,7.75,Fighting,8845e64c-078b-4a3a-a732-1efe937de14a,4
5,24038,20,7.75,push and pull,085d7298-e568-4752-a909-8eecf82e3ebc,5
3,24098,41,7.75,Swinging towards each other,a57832a0-0b6a-4bdf-a636-adf042cd3fcc,3
5,24066,59,7.75,Charging to bump into each other.,085d7298-e568-4752-a909-8eecf82e3ebc,5
2,24040,23,7.75,Playing tag,453a1fa5-895a-4a5e-a4cf-25c0a35d74d2,2
4,24060,19,7.75,flirting,2d84acc9-9c9b-441c-9a1a-c901bc48b88f,4
3,24088,21,7.75,Same game different speed,65eed33d-db39-4b87-b8a4-de20693d3821,3
4,24067,90,7.75,Swinging into each other,3dbdd697-e200-4003-92f8-47202577ad0a,4
1,24094,98,7.75,playing,7f445daf-d952-4bf3-b733-def683994895,1
4,24022,68,7.75,running,2d84acc9-9c9b-441c-9a1a-c901bc48b88f,4
4,24096,33,7.75,"Looks like dueling, watching each other's moves",8ecf5da9-a68c-4392-8c1a-ecb9754dd9d9,4
1,24097,84,7.75,football,981d9d90-47c5-4443-a939-26060914c7e4,1
6,24047,9,7.75,Pretending to be bumper cars,8ecf5da9-a68c-4392-8c1a-ecb9754dd9d9,6
3,24069,42,7.75,pushing another on a swing,8ecf5da9-a68c-4392-8c1a-ecb9754dd9d9,3
2,24068,57,7.75,They are chasing each other.,44ab78ba-bb99-4b6d-a69b-ede18f9116ec,2
0,24041,5,7.75,going on a swing,7f445daf-d952-4bf3-b733-def683994895,0
1,24014,75,7.75,Actively hit each other then took a step back ,65eed33d-db39-4b87-b8a4-de20693d3821,1
4,24032,62,7.75,walking around,8aeee0c2-7419-4cbe-aa42-af10b66f80b4,4
4,24095,64,7.75,playing football,534a6ddb-dbec-42ac-b559-3f4cbdd66423,4
4,24000,22,9.0,Hit and run away.,a5228b86-ba0a-42f2-aa38-23b5369f0e56,4
1,24090,17,9.0,They separated slowly and collided with each other very quickly.,9f7e489f-4076-4332-b57e-13a42d4c75fd,1
2,24092,18,9.0,Running,132133b4-5554-4500-9494-87f534100012,2
0,24016,13,9.0,Fighting,6a57f963-5846-4eaa-a5d2-0e658499a4a9,0
3,24046,15,9.0,Fighting,3322caf5-0aeb-4230-89db-c56b23e94819,3
2,24039,16,9.0,running quickly towards each other ,8649b489-429a-4894-9c74-827e94f04566,2
3,24015,9,9.0,running towards each other,91327185-f59e-4ae7-a000-fd66526bab82,3
0,24014,75,9.0,Hit against one another ,132133b4-5554-4500-9494-87f534100012,0
0,24002,20,9.0,The dots are running into each other and colliding. ,6e2932f2-a9d1-4f2a-9599-a872b605c1eb,0
2,24051,23,9.0,The dots collided with one another.,8649b489-429a-4894-9c74-827e94f04566,2
5,24042,12,9.0,dancing,5b2465b2-47b6-4cc7-b06f-c362ff7454f8,5
0,24070,24,9.0,running and tagging themselves,132133b4-5554-4500-9494-87f534100012,0
0,24047,9,9.0,Swordfighting,91327185-f59e-4ae7-a000-fd66526bab82,0
0,24083,7,9.0,Moving around in a circle and then rushing to a centre point to touch or grab something first before the other did.,8e6be05b-c10c-43db-b062-a559f5033312,0
1,24088,21,9.0,Playing solo then coming together,16718611-6bca-4e79-8071-94d68c181ba1,1
6,24013,45,9.0,play fighting,91327185-f59e-4ae7-a000-fd66526bab82,6
2,24011,60,9.0,running and hugging,a5228b86-ba0a-42f2-aa38-23b5369f0e56,2
0,24071,22,9.0,At certain times they clashed,a5228b86-ba0a-42f2-aa38-23b5369f0e56,0
1,24004,88,9.0,colliding,91327185-f59e-4ae7-a000-fd66526bab82,1
0,24038,20,9.0,fighting,6e2932f2-a9d1-4f2a-9599-a872b605c1eb,0
0,24067,90,9.0,Fighting,6a57f963-5846-4eaa-a5d2-0e658499a4a9,0
5,24032,62,9.0,seesaw,8e6be05b-c10c-43db-b062-a559f5033312,5
3,24060,19,9.0,fighting,a5228b86-ba0a-42f2-aa38-23b5369f0e56,3
1,24068,57,9.0,They are running and playing tag.,16718611-6bca-4e79-8071-94d68c181ba1,1
5,24069,42,9.0,playing flag football,2abe0875-f8ff-4373-aad8-bca142211a09,5
2,24073,35,9.0,fighting each other,6a57f963-5846-4eaa-a5d2-0e658499a4a9,2
3,24005,27,9.0,Wandering then coming together,2abe0875-f8ff-4373-aad8-bca142211a09,3
2,24059,7,9.0,The dots were moving slowly in small motions then quickly coming together. Like some sort of dance,8e6be05b-c10c-43db-b062-a559f5033312,2
5,24074,76,9.0,boxing,059f8cfb-52c8-47fd-8d26-b0fec58eafae,5
2,24031,49,9.0,Running for a while and touching each other afterwards,7a2ccf3c-feb4-4b5c-9c03-44c10f774f9a,2
5,24075,46,9.0,crashing ,a5228b86-ba0a-42f2-aa38-23b5369f0e56,5
1,24076,36,9.0,bumping into each other ,059f8cfb-52c8-47fd-8d26-b0fec58eafae,1
4,24057,12,9.0,Running,5b2465b2-47b6-4cc7-b06f-c362ff7454f8,4
0,24077,24,9.0,clashing,132133b4-5554-4500-9494-87f534100012,0
0,24078,30,9.0,Playing chicken (running at each other to see who bails first),7d40f846-95bc-4c08-b7a1-b4a410852b77,0
0,24012,87,9.0,tackling,16718611-6bca-4e79-8071-94d68c181ba1,0
6,24079,38,9.0,Play Fighting,87da47db-3d5c-48b2-b3f2-123123d766f0,6
3,24066,59,9.0,Running and charging each other.,5b2465b2-47b6-4cc7-b06f-c362ff7454f8,3
5,24080,37,9.0,Perhaps playing a game,7a2ccf3c-feb4-4b5c-9c03-44c10f774f9a,5
5,24063,0,9.0,Fighting or clashing over something,059f8cfb-52c8-47fd-8d26-b0fec58eafae,5
5,24093,10,9.0,They are having dispute,f45daf2e-6d4e-4a6f-ab5b-1829d67d93fe,5
2,24043,95,9.0,swings,87da47db-3d5c-48b2-b3f2-123123d766f0,2
1,24037,65,9.0,body slamming,5b2465b2-47b6-4cc7-b06f-c362ff7454f8,1
6,24044,43,9.0,play fight,059f8cfb-52c8-47fd-8d26-b0fec58eafae,6
2,24045,92,9.0,swinging,1be4605b-9f78-45d4-8eb0-87bdc69537e2,2
1,24003,85,9.0,playing tag,132133b4-5554-4500-9494-87f534100012,1
6,24048,67,9.0,soccer,1be4605b-9f78-45d4-8eb0-87bdc69537e2,6
1,24049,73,9.0,coming together repeatedely,7d40f846-95bc-4c08-b7a1-b4a410852b77,1
1,24036,54,9.0,Playing it,abb20336-74c4-448b-a5f7-252c765a55f4,1
3,24072,11,9.0,violently crashing,7a2ccf3c-feb4-4b5c-9c03-44c10f774f9a,3
3,24052,82,9.0,playing,8649b489-429a-4894-9c74-827e94f04566,3
5,24053,77,9.0,Playing around in the park,2abe0875-f8ff-4373-aad8-bca142211a09,5
0,24055,66,9.0,Tackling each other,9f7e489f-4076-4332-b57e-13a42d4c75fd,0
4,24065,10,9.0,playing on equipment,f45daf2e-6d4e-4a6f-ab5b-1829d67d93fe,4
0,24058,96,9.0,trying to find each other,f45daf2e-6d4e-4a6f-ab5b-1829d67d93fe,0
2,24034,94,9.0,Colliding,2abe0875-f8ff-4373-aad8-bca142211a09,2
6,24061,89,9.0,Bouncing off each other ,8e6be05b-c10c-43db-b062-a559f5033312,6
4,24064,16,9.0,Basketball,8649b489-429a-4894-9c74-827e94f04566,4
3,24033,56,9.0,The grey dot seems to be going after the black dot.,6a57f963-5846-4eaa-a5d2-0e658499a4a9,3
0,24018,8,9.0,running away and coming together,6e2932f2-a9d1-4f2a-9599-a872b605c1eb,0
3,24081,1,9.0,seem to be playing tag,2abe0875-f8ff-4373-aad8-bca142211a09,3
3,24082,93,9.0,Moving around and forcefully hitting,7d40f846-95bc-4c08-b7a1-b4a410852b77,3
5,24021,50,9.0,running around and bumping in to each other,1be4605b-9f78-45d4-8eb0-87bdc69537e2,5
1,24100,71,9.0,playing,7a2ccf3c-feb4-4b5c-9c03-44c10f774f9a,1
3,24028,6,9.0,the kids were bumping into each other,9301277e-6b35-4aa7-bd52-4f56ae0f029b,3
6,24101,82,9.0,Jousting,8649b489-429a-4894-9c74-827e94f04566,6
4,24001,5,9.0,aggressively charging at each other,87da47db-3d5c-48b2-b3f2-123123d766f0,4
5,24025,3,9.0,The black dot was coming at the grey dot quickly,1be4605b-9f78-45d4-8eb0-87bdc69537e2,5
4,24007,13,9.0,hanging out,6a57f963-5846-4eaa-a5d2-0e658499a4a9,4
3,24009,8,9.0,hide and seek,6e2932f2-a9d1-4f2a-9599-a872b605c1eb,3
1,24010,11,9.0,the dots were moving around and it themselves twice ,7a2ccf3c-feb4-4b5c-9c03-44c10f774f9a,1
6,24019,14,9.0,"Black dot was faster, sort of seeking the white dot to initiate contact. ",16718611-6bca-4e79-8071-94d68c181ba1,6
0,24027,6,9.0,colliding into each other,9301277e-6b35-4aa7-bd52-4f56ae0f029b,0
1,24020,2,9.0,hide and go seek,7d40f846-95bc-4c08-b7a1-b4a410852b77,1
4,24008,54,9.0,Running around the park and then coming back to each other frequently,abb20336-74c4-448b-a5f7-252c765a55f4,4
0,24024,17,9.0,running towards each other,9f7e489f-4076-4332-b57e-13a42d4c75fd,0
3,24030,25,9.0,football?,abb20336-74c4-448b-a5f7-252c765a55f4,3
5,24017,31,9.0,the dots were running into each other when they got close,3322caf5-0aeb-4230-89db-c56b23e94819,5
5,24035,19,9.0,slowly moved then sped up to strike each other,a5228b86-ba0a-42f2-aa38-23b5369f0e56,5
6,24099,86,9.0,They are colliding to each other.,6e2932f2-a9d1-4f2a-9599-a872b605c1eb,6
0,24056,1,9.0,chasing,2abe0875-f8ff-4373-aad8-bca142211a09,0
4,24098,41,9.0,Using the same playground equipment,7d40f846-95bc-4c08-b7a1-b4a410852b77,4
4,24040,23,9.0,chasing after something thrown for them,8649b489-429a-4894-9c74-827e94f04566,4
0,24029,4,9.0,moving around and meeting at a point,abb20336-74c4-448b-a5f7-252c765a55f4,0
6,24084,47,9.0,running into each other,6e2932f2-a9d1-4f2a-9599-a872b605c1eb,6
3,24026,3,9.0,The dots were playing together,1be4605b-9f78-45d4-8eb0-87bdc69537e2,3
3,24085,32,9.0,scavenger hunt,f45daf2e-6d4e-4a6f-ab5b-1829d67d93fe,3
0,24054,4,9.0,playing tag,abb20336-74c4-448b-a5f7-252c765a55f4,0
4,24086,69,9.0,Chasing,6a57f963-5846-4eaa-a5d2-0e658499a4a9,4
4,24050,14,9.0,aggressively running into each other,16718611-6bca-4e79-8071-94d68c181ba1,4
2,24087,39,9.0,touching,5b2465b2-47b6-4cc7-b06f-c362ff7454f8,2
2,24006,52,9.0,running at each other,9f7e489f-4076-4332-b57e-13a42d4c75fd,2
0,24089,34,9.0,fighting,91327185-f59e-4ae7-a000-fd66526bab82,0
2,24091,25,9.0,kickball,abb20336-74c4-448b-a5f7-252c765a55f4,2
5,24041,5,9.0,fighting,87da47db-3d5c-48b2-b3f2-123123d766f0,5
3,24094,98,9.0,running around,abb20336-74c4-448b-a5f7-252c765a55f4,3
1,24095,64,9.0,playing football,8649b489-429a-4894-9c74-827e94f04566,1
0,24023,57,9.0,There were circling each other and then ran towards each other.,16718611-6bca-4e79-8071-94d68c181ba1,0
6,24022,68,9.0,playing pretend,abb20336-74c4-448b-a5f7-252c765a55f4,6
3,24096,33,9.0,"Running into each other, but it was as if they planned when to",9f7e489f-4076-4332-b57e-13a42d4c75fd,3
2,24097,84,9.0,wrestling,a5228b86-ba0a-42f2-aa38-23b5369f0e56,2
3,24062,63,9.0,they were circling around one another and occassionally meeting in middle,9301277e-6b35-4aa7-bd52-4f56ae0f029b,3
